Observed,SRC-IP,DST-IP,SRC-PORT,DST-PORT,FRAME-TYPE,PROTOCOL,SRC-COUNTRY,DST-COUNTRY,DAY,WK-END,NIGHT,AVG-PCK
124,192.168.1.3,52.177.165.30,24389,443,IPV4,TCP,LOCAL,United States,0,1,0,0.33
353,192.168.1.3,52.25.57.149,EPH,1194,IPV4,UDP,LOCAL,United States,0,1,0,0.19
1304,192.168.1.3,239.255.255.250,EPH,1900,IPV4,UDP,LOCAL,MULTICAST,0,1,0,0.1
2,52.25.31.211,192.168.1.5,443,EPH,IPV4,TCP,United States,LOCAL,0,1,0,67.5
3,192.168.1.5,52.25.31.211,EPH,443,IPV4,TCP,LOCAL,United States,0,1,0,52.17
4,2603:6080:ce03:b91a:7313:5bc5:25a9:825a,2606:ae80:1450:16::2100,EPH,443,IPV6,TCP,United States,United States,0,1,0,16.54
9,192.168.1.5,13.249.32.104,EPH,443,IPV4,TCP,LOCAL,United States,0,1,0,11.58
7,192.168.1.5,23.105.175.6,EPH,443,IPV4,TCP,LOCAL,United States,0,1,0,14.79
8,192.168.1.5,54.88.188.142,EPH,443,IPV4,TCP,LOCAL,United States,0,1,0,13.52
8,192.168.1.5,104.16.68.69,EPH,443,IPV4,TCP,LOCAL,United States,0,1,0,10.87
7,23.105.175.6,192.168.1.5,443,EPH,IPV4,TCP,United States,LOCAL,0,1,0,14.59
3,2606:ae80:1450:16::2100,2603:6080:ce03:b91a:7313:5bc5:25a9:825a,443,EPH,IPV6,TCP,United States,United States,0,1,0,21.33
5,104.16.68.69,192.168.1.5,443,EPH,IPV4,TCP,United States,LOCAL,0,1,0,19.33
6,54.88.188.142,192.168.1.5,443,EPH,IPV4,TCP,United States,LOCAL,0,1,0,18.82
8,13.249.32.104,192.168.1.5,443,EPH,IPV4,TCP,United States,LOCAL,0,1,0,9.18
7,192.168.1.5,172.217.7.163,EPH,443,IPV4,TCP,LOCAL,LOCAL,0,1,0,14.79
186,2603:6080:ce03:b91a:7313:5bc5:25a9:825a,2607:f8b0:4004:806::2004,EPH,443,IPV6,TCP,United States,United States,0,1,0,0.17
8,192.168.1.5,104.36.115.111,EPH,443,IPV4,TCP,LOCAL,United States,0,1,0,13.52
304,2607:f8b0:4004:806::2004,2603:6080:ce03:b91a:7313:5bc5:25a9:825a,443,EPH,IPV6,TCP,United States,United States,0,1,0,0.11
6,172.217.7.163,192.168.1.5,443,EPH,IPV4,TCP,LOCAL,LOCAL,0,1,0,17.64
6,104.36.115.111,192.168.1.5,443,EPH,IPV4,TCP,United States,LOCAL,0,1,0,20.04
1001,192.168.1.3,172.217.197.189,EPH,443,IPV4,UDP,LOCAL,LOCAL,0,1,0,0.06
1053,192.168.1.3,173.194.68.189,EPH,443,IPV4,UDP,LOCAL,United States,0,1,0,0.06
1,2603:6080:ce03:b91a:7313:5bc5:25a9:825a,2600:1408:5400:4a2::11a6,EPH,443,IPV6,TCP,United States,United States,0,1,0,32
1,2600:1408:5400:4a2::11a6,2603:6080:ce03:b91a:7313:5bc5:25a9:825a,443,EPH,IPV6,TCP,United States,United States,0,1,0,32
242,2603:6080:ce03:b91a:7313:5bc5:25a9:825a,2606:4700::6810:f8f9,EPH,443,IPV6,TCP,United States,United States,0,1,0,0.25
4,192.168.1.5,35.244.159.8,EPH,443,IPV4,TCP,LOCAL,United States,0,1,0,61.5
5,192.168.1.5,52.22.113.48,EPH,443,IPV4,TCP,LOCAL,United States,0,1,0,33.02
238,2606:4700::6810:f8f9,2603:6080:ce03:b91a:7313:5bc5:25a9:825a,443,EPH,IPV6,TCP,United States,United States,0,1,0,0.22
4,2603:6080:ce03:b91a:7313:5bc5:25a9:825a,2606:ae80:1451:21::500,EPH,443,IPV6,TCP,United States,United States,0,1,0,27.08
17,192.168.1.5,68.67.161.182,EPH,443,IPV4,TCP,LOCAL,United States,0,1,0,3.27
3,35.244.159.8,192.168.1.5,443,EPH,IPV4,TCP,United States,LOCAL,0,1,0,47.67
4,52.22.113.48,192.168.1.5,443,EPH,IPV4,TCP,United States,LOCAL,0,1,0,59.33
13,68.67.161.182,192.168.1.5,443,EPH,IPV4,TCP,United States,LOCAL,0,1,0,3.37
1,192.168.1.5,184.29.129.73,EPH,443,IPV4,TCP,LOCAL,United States,0,1,0,60
7,137.116.89.182,192.168.1.5,443,EPH,IPV4,TCP,United States,LOCAL,0,1,0,6.95
7,13.68.114.46,192.168.1.5,443,EPH,IPV4,TCP,United States,LOCAL,0,1,0,7.48
7,172.217.2.98,192.168.1.5,443,EPH,IPV4,TCP,LOCAL,LOCAL,0,1,0,9.14
4,2607:f8b0:4004:815::2002,2603:6080:ce03:b91a:7313:5bc5:25a9:825a,443,EPH,IPV6,TCP,United States,United States,0,1,0,23.08
7,192.168.1.3,192.168.1.255,137,137,IPV4,BROADCAST,LOCAL,LOCAL,0,1,0,13.53
15,192.168.1.3,224.0.0.251,5353,5353,IPV4,UDP,LOCAL,LOCAL,0,1,0,4.02
4,2603:6080:ce03:b91a:7313:5bc5:25a9:825a,2607:f8b0:4004:811::2005,EPH,443,IPV6,TCP,United States,United States,0,1,0,26.33
3,2607:f8b0:4004:811::2005,2603:6080:ce03:b91a:7313:5bc5:25a9:825a,443,EPH,IPV6,TCP,United States,United States,0,1,0,40.83
119,192.168.1.3,192.168.1.255,17500,17500,IPV4,BROADCAST,LOCAL,LOCAL,0,1,0,2.47
80,fe80::3649:5bff:fecd:fa1a,ff02::1,NA,NA,IPV6,ICMP,LOCAL,MULTICAST,0,1,0,1.11
156,fe80::9384:eb9e:f830:92b2,ff02::16,NA,NA,IPV6,HOPOPT,LOCAL,MULTICAST,0,1,0,1.39
712,192.168.1.5,34.216.198.143,EPH,443,IPV4,TCP,LOCAL,United States,0,1,0,0.06
559,192.168.1.5,52.41.252.192,EPH,443,IPV4,TCP,LOCAL,United States,0,1,0,0.1
378,192.168.1.5,192.168.1.1,EPH,53,IPV4,UDP,LOCAL,LOCAL,0,1,0,0.22
374,192.168.1.1,192.168.1.5,53,EPH,IPV4,UDP,LOCAL,LOCAL,0,1,0,0.23
585,34.216.198.143,192.168.1.5,443,EPH,IPV4,TCP,United States,LOCAL,0,1,0,0.09
447,52.41.252.192,192.168.1.5,443,EPH,IPV4,TCP,United States,LOCAL,0,1,0,1.42
6,2603:6080:ce03:b91a:7313:5bc5:25a9:825a,2607:f8b0:400d:c0f::bd,EPH,443,IPV6,TCP,United States,United States,0,1,0,13.87
5,2607:f8b0:400d:c0f::bd,2603:6080:ce03:b91a:7313:5bc5:25a9:825a,443,EPH,IPV6,TCP,United States,United States,0,1,0,17.3
5,192.168.1.5,137.116.89.182,EPH,443,IPV4,TCP,LOCAL,United States,0,1,0,15.63
2,192.168.1.5,8.43.72.41,EPH,443,IPV4,TCP,LOCAL,United States,0,1,0,55.5
2,8.43.72.41,192.168.1.5,443,EPH,IPV4,TCP,United States,LOCAL,0,1,0,40
6,2603:6080:ce03:b91a:7313:5bc5:25a9:825a,2607:f8b0:4004:829::2001,EPH,443,IPV6,TCP,United States,United States,0,1,0,7.21
6,2603:6080:ce03:b91a:7313:5bc5:25a9:825a,2607:f8b0:4004:810::2001,EPH,443,IPV6,TCP,United States,United States,0,1,0,7.21
6,192.168.1.5,172.217.8.2,EPH,443,IPV4,TCP,LOCAL,LOCAL,0,1,0,11.48
7,2603:6080:ce03:b91a:7313:5bc5:25a9:825a,2607:f8b0:4004:814::2002,EPH,443,IPV6,TCP,United States,United States,0,1,0,11.17
5,2607:f8b0:4004:829::2001,2603:6080:ce03:b91a:7313:5bc5:25a9:825a,443,EPH,IPV6,TCP,United States,United States,0,1,0,9.59
5,2607:f8b0:4004:810::2001,2603:6080:ce03:b91a:7313:5bc5:25a9:825a,443,EPH,IPV6,TCP,United States,United States,0,1,0,9.69
12,2607:f8b0:4004:814::2002,2603:6080:ce03:b91a:7313:5bc5:25a9:825a,443,EPH,IPV6,TCP,United States,United States,0,1,0,19.77
5,172.217.8.2,192.168.1.5,443,EPH,IPV4,TCP,LOCAL,LOCAL,0,1,0,15.36
22,2603:6080:ce03:b91a:7313:5bc5:25a9:825a,2607:f8b0:4004:802::200e,EPH,443,IPV6,TCP,United States,United States,0,1,0,3.3
17,2607:f8b0:4004:802::200e,2603:6080:ce03:b91a:7313:5bc5:25a9:825a,443,EPH,IPV6,TCP,United States,United States,0,1,0,4.3
6,2607:f8b0:4004:810::200a,2603:6080:ce03:b91a:7313:5bc5:25a9:825a,443,EPH,IPV6,TCP,United States,United States,0,1,0,14.24
4,192.168.1.5,199.127.204.100,EPH,443,IPV4,TCP,LOCAL,United States,0,1,0,24.25
5,192.168.1.5,23.92.190.69,EPH,443,IPV4,TCP,LOCAL,United States,0,1,0,15.13
5,199.127.204.100,192.168.1.5,443,EPH,IPV4,TCP,United States,LOCAL,0,1,0,14.73
7,23.92.190.69,192.168.1.5,443,EPH,IPV4,TCP,United States,LOCAL,0,1,0,6.95
5,192.168.1.3,192.168.1.1,39631,49152,IPV4,TCP,LOCAL,LOCAL,0,1,0,14.9
14,192.168.1.5,23.195.109.6,EPH,443,IPV4,TCP,LOCAL,United States,0,1,0,4.03
10,23.195.109.6,192.168.1.5,443,EPH,IPV4,TCP,United States,LOCAL,0,1,0,5.86
3,2603:6080:ce03:b91a:7313:5bc5:25a9:825a,2607:f8b0:4004:811::2002,EPH,443,IPV6,TCP,United States,United States,0,1,0,66.83
3,2607:f8b0:4004:811::2002,2603:6080:ce03:b91a:7313:5bc5:25a9:825a,443,EPH,IPV6,TCP,United States,United States,0,1,0,21.33
83,192.168.1.3,173.194.219.188,25657,5228,IPV4,TCP,LOCAL,United States,0,1,0,0.5
23,192.168.1.5,35.244.247.133,EPH,443,IPV4,TCP,LOCAL,United States,0,1,0,2.44
18,35.244.247.133,192.168.1.5,443,EPH,IPV4,TCP,United States,LOCAL,0,1,0,3.11
4,99.84.221.62,192.168.1.5,443,EPH,IPV4,TCP,United States,LOCAL,0,1,0,22.17
11,192.168.1.3,52.114.77.164,EPH,443,IPV4,TCP,LOCAL,Ireland,0,1,0,4.23
4,2603:6080:ce03:b91a:7313:5bc5:25a9:825a,2607:f8b0:4004:815::2002,EPH,443,IPV6,TCP,United States,United States,0,1,0,42.33
3,74.119.119.149,192.168.1.5,443,EPH,IPV4,TCP,United States,LOCAL,0,1,0,49
3,192.168.1.5,99.84.221.62,EPH,443,IPV4,TCP,LOCAL,United States,0,1,0,38.67
259,192.168.1.3,192.168.1.7,EPH,80,IPV4,TCP,LOCAL,LOCAL,0,1,0,0.16
412,192.168.1.7,192.168.1.3,80,EPH,IPV4,TCP,LOCAL,LOCAL,0,1,0,0.1
11,104.70.71.52,192.168.1.5,443,EPH,IPV4,TCP,United States,LOCAL,0,1,0,4.05
21,2a04:4e42::272,2603:6080:ce03:b91a:7313:5bc5:25a9:825a,443,EPH,IPV6,TCP,United States,United States,0,1,0,2.81
2,2a04:4e42:200::272,2603:6080:ce03:b91a:7313:5bc5:25a9:825a,443,EPH,IPV6,TCP,United States,United States,0,1,0,77.5
3,54.192.76.212,192.168.1.5,443,EPH,IPV4,TCP,France,LOCAL,0,1,0,47.67
4,192.168.1.5,52.10.109.102,EPH,443,IPV4,TCP,LOCAL,United States,0,1,0,76.25
6,2607:f8b0:4004:829::200a,2603:6080:ce03:b91a:7313:5bc5:25a9:825a,443,EPH,IPV6,TCP,United States,United States,0,1,0,25.94
26,99.84.216.94,192.168.1.5,80,EPH,IPV4,TCP,United States,LOCAL,0,1,0,2.08
1,2603:6080:ce03:b91a:7313:5bc5:25a9:825a,2607:f8b0:4004:829::200a,EPH,443,IPV6,TCP,United States,United States,0,1,0,32
10,52.94.208.72,192.168.1.5,443,EPH,IPV4,TCP,United States,LOCAL,0,1,0,4.51
5,72.21.206.140,192.168.1.5,443,EPH,IPV4,TCP,United States,LOCAL,0,1,0,104.15
7,35.211.114.141,192.168.1.5,443,EPH,IPV4,TCP,United States,LOCAL,0,1,0,7.36
1,192.168.1.3,192.168.1.1,39645,49152,IPV4,TCP,LOCAL,LOCAL,0,1,0,52
2,34.195.233.1,192.168.1.5,443,EPH,IPV4,TCP,United States,LOCAL,0,1,0,56
4,2606:4700::6812:15e2,2603:6080:ce03:b91a:7313:5bc5:25a9:825a,80,EPH,IPV6,TCP,United States,United States,0,1,0,8.33
2,18.181.136.244,192.168.1.5,443,EPH,IPV4,TCP,United States,LOCAL,0,1,0,181
7,192.168.1.5,13.68.114.46,EPH,443,IPV4,TCP,LOCAL,United States,0,1,0,9.17
10,52.45.33.138,192.168.1.5,443,EPH,IPV4,TCP,United States,LOCAL,0,1,0,4.69
11,192.168.1.5,52.45.33.138,EPH,443,IPV4,TCP,LOCAL,United States,0,1,0,5.28
28,2603:6080:ce03:b91a:7313:5bc5:25a9:825a,2a04:4e42::272,EPH,443,IPV6,TCP,United States,United States,0,1,0,0.74
3,2a04:4e42:600::272,2603:6080:ce03:b91a:7313:5bc5:25a9:825a,443,EPH,IPV6,TCP,United States,United States,0,1,0,26.67
2,2603:6080:ce03:b91a:7313:5bc5:25a9:825a,2a04:4e42:600::272,EPH,443,IPV6,TCP,United States,United States,0,1,0,20
397,192.168.1.3,104.26.15.86,EPH,443,IPV4,TCP,LOCAL,United States,0,1,0,0.1
578,192.168.1.3,162.125.19.131,EPH,443,IPV4,TCP,LOCAL,United States,0,1,0,12.54
12,52.94.210.112,192.168.1.5,443,EPH,IPV4,TCP,United States,LOCAL,0,1,0,3.67
8,192.168.1.5,52.94.210.112,EPH,443,IPV4,TCP,LOCAL,United States,0,1,0,6.01
2,192.168.1.5,54.192.76.212,EPH,80,IPV4,TCP,LOCAL,France,0,1,0,52
1,54.192.76.212,192.168.1.5,80,EPH,IPV4,TCP,France,LOCAL,0,1,0,52
4,192.168.1.5,172.217.9.195,EPH,443,IPV4,TCP,LOCAL,LOCAL,0,1,0,33.04
8,192.168.1.5,54.240.249.126,EPH,443,IPV4,TCP,LOCAL,United States,0,1,0,5.91
9,2607:f8b0:4004:814::2003,2603:6080:ce03:b91a:7313:5bc5:25a9:825a,80,EPH,IPV6,TCP,United States,United States,0,1,0,4.08
10,2603:6080:ce03:b91a:7313:5bc5:25a9:825a,2607:f8b0:4004:814::2003,EPH,80,IPV6,TCP,United States,United States,0,1,0,3.61
9,2607:f8b0:4004:807::2003,2603:6080:ce03:b91a:7313:5bc5:25a9:825a,80,EPH,IPV6,TCP,United States,United States,0,1,0,4.08
8,2603:6080:ce03:b91a:7313:5bc5:25a9:825a,2607:f8b0:4004:807::2003,EPH,80,IPV6,TCP,United States,United States,0,1,0,4.7
18,2607:f8b0:4004:80a::2003,2603:6080:ce03:b91a:7313:5bc5:25a9:825a,80,EPH,IPV6,TCP,United States,United States,0,1,0,1.89
32,2607:f8b0:4004:807::2003,2603:6080:ce03:b91a:7313:5bc5:25a9:825a,443,EPH,IPV6,TCP,United States,United States,0,1,0,2.25
20,2603:6080:ce03:b91a:7313:5bc5:25a9:825a,2607:f8b0:4004:807::2003,EPH,443,IPV6,TCP,United States,United States,0,1,0,3.75
1,2603:6080:ce03:b91a:7313:5bc5:25a9:825a,2a04:4e42:200::272,EPH,443,IPV6,TCP,United States,United States,0,1,0,20
5,2607:f8b0:4004:801::200e,2603:6080:ce03:b91a:7313:5bc5:25a9:825a,443,EPH,IPV6,TCP,United States,United States,0,1,0,9.33
2,2607:f8b0:4004:802::2002,2603:6080:ce03:b91a:7313:5bc5:25a9:825a,443,EPH,IPV6,TCP,United States,United States,0,1,0,32
6,2607:f8b0:4004:807::2002,2603:6080:ce03:b91a:7313:5bc5:25a9:825a,443,EPH,IPV6,TCP,United States,United States,0,1,0,9.59
430,44.237.173.75,192.168.1.5,443,EPH,IPV4,TCP,United States,LOCAL,0,1,0,0.12
26,192.168.1.5,99.84.216.94,EPH,80,IPV4,TCP,LOCAL,United States,0,1,0,2.08
118,192.168.1.16,255.255.255.255,17500,17500,IPV4,BROADCAST,LOCAL,RESERVED,0,1,0,2.49
118,192.168.1.16,192.168.1.255,17500,17500,IPV4,BROADCAST,LOCAL,LOCAL,0,1,0,2.49
8,192.168.1.5,35.211.114.141,EPH,443,IPV4,TCP,LOCAL,United States,0,1,0,7.63
11,192.168.1.5,34.192.207.8,EPH,443,IPV4,TCP,LOCAL,United States,0,1,0,5.26
7,34.192.207.8,192.168.1.5,443,EPH,IPV4,TCP,United States,LOCAL,0,1,0,9.17
9,192.168.1.5,192.35.249.120,EPH,443,IPV4,TCP,LOCAL,LOCAL,0,1,0,6.63
6,192.168.1.5,72.21.206.140,EPH,443,IPV4,TCP,LOCAL,United States,0,1,0,8.56
5,192.35.249.120,192.168.1.5,443,EPH,IPV4,TCP,LOCAL,LOCAL,0,1,0,14.73
5,192.168.1.3,192.168.1.1,39657,49152,IPV4,TCP,LOCAL,LOCAL,0,1,0,14.9
9,192.168.1.5,192.124.249.24,EPH,80,IPV4,TCP,LOCAL,LOCAL,0,1,0,6.63
25,192.168.1.5,72.21.91.29,EPH,80,IPV4,TCP,LOCAL,United States,0,1,0,2.17
7,192.168.1.5,52.94.208.72,EPH,443,IPV4,TCP,LOCAL,United States,0,1,0,8.94
9,192.124.249.24,192.168.1.5,80,EPH,IPV4,TCP,LOCAL,LOCAL,0,1,0,6.63
21,72.21.91.29,192.168.1.5,80,EPH,IPV4,TCP,United States,LOCAL,0,1,0,2.61
5,fe80::3649:5bff:fecd:fa1a,2603:6080:ce03:b91a:7313:5bc5:25a9:825a,NA,NA,IPV6,ICMP,LOCAL,United States,0,1,0,9.07
5,2603:6080:ce03:b91a:7313:5bc5:25a9:825a,fe80::3649:5bff:fecd:fa1a,NA,NA,IPV6,ICMP,United States,LOCAL,0,1,0,6.8
7,54.192.192.183,192.168.1.5,443,EPH,IPV4,TCP,United States,LOCAL,0,1,0,23.46
4,192.168.1.5,54.192.192.183,EPH,443,IPV4,TCP,LOCAL,United States,0,1,0,33.04
7,192.168.1.5,34.249.119.213,EPH,443,IPV4,TCP,LOCAL,Ireland,0,1,0,82.61
4,34.249.119.213,192.168.1.5,443,EPH,IPV4,TCP,Ireland,LOCAL,0,1,0,38.92
8,54.239.32.228,192.168.1.5,443,EPH,IPV4,TCP,Ireland,LOCAL,0,1,0,5.87
24,192.168.1.5,52.95.118.235,EPH,443,IPV4,TCP,LOCAL,Ireland,0,1,0,2.24
23,52.95.118.235,192.168.1.5,443,EPH,IPV4,TCP,Ireland,LOCAL,0,1,0,1.82
203,192.168.1.3,192.168.1.1,EPH,53,IPV4,UDP,LOCAL,LOCAL,0,1,0,0.32
39,192.168.1.3,142.250.9.94,EPH,443,IPV4,UDP,LOCAL,United States,0,1,0,1.61
6,54.240.249.126,192.168.1.5,443,EPH,IPV4,TCP,United States,LOCAL,0,1,0,8.56
21,2603:6080:ce03:b91a:7313:5bc5:25a9:825a,2607:f8b0:4004:80a::2003,EPH,80,IPV6,TCP,United States,United States,0,1,0,1.6
543,192.168.1.5,44.237.173.75,EPH,443,IPV4,TCP,LOCAL,United States,0,1,0,0.07
338,192.168.1.5,44.238.41.205,EPH,443,IPV4,TCP,LOCAL,United States,0,1,0,0.12
12,54.239.36.249,192.168.1.5,443,EPH,IPV4,TCP,Ireland,LOCAL,0,1,0,3.67
7,192.168.1.5,54.239.36.249,EPH,443,IPV4,TCP,LOCAL,Ireland,0,1,0,7.32
1,54.239.39.102,192.168.1.5,80,EPH,IPV4,TCP,Ireland,LOCAL,0,1,0,40
4,192.168.1.5,104.70.71.52,EPH,443,IPV4,TCP,LOCAL,United States,0,1,0,26.17
8,87.238.81.156,192.168.1.5,80,EPH,IPV4,TCP,Ireland,LOCAL,0,1,0,61.87
9,192.168.1.5,87.238.81.156,EPH,80,IPV4,TCP,LOCAL,Ireland,0,1,0,9.65
6,192.168.1.5,54.239.32.228,EPH,443,IPV4,TCP,LOCAL,Ireland,0,1,0,10.93
27,99.84.104.9,192.168.1.5,443,EPH,IPV4,TCP,United States,LOCAL,0,1,0,4.08
25,192.168.1.5,99.84.104.9,EPH,443,IPV4,TCP,LOCAL,United States,0,1,0,3.73
21,192.168.1.5,52.46.150.229,EPH,443,IPV4,TCP,LOCAL,United States,0,1,0,2.01
5,192.168.1.5,8.28.7.81,EPH,443,IPV4,TCP,LOCAL,United States,0,1,0,14.8
3,63.241.108.104,192.168.1.5,443,EPH,IPV4,TCP,United States,LOCAL,0,1,0,436.17
10,185.167.164.51,192.168.1.5,443,EPH,IPV4,TCP,United States,LOCAL,0,1,0,31.91
3,8.28.7.81,192.168.1.5,443,EPH,IPV4,TCP,United States,LOCAL,0,1,0,79.5
8,34.192.186.28,192.168.1.5,443,EPH,IPV4,TCP,United States,LOCAL,0,1,0,19.47
6,192.168.1.5,34.192.186.28,EPH,443,IPV4,TCP,LOCAL,United States,0,1,0,25.27
18,34.202.254.70,192.168.1.5,443,EPH,IPV4,TCP,United States,LOCAL,0,1,0,13.89
2,54.81.60.45,192.168.1.5,443,EPH,IPV4,TCP,United States,LOCAL,0,1,0,815
27,192.168.1.5,34.202.254.70,EPH,443,IPV4,TCP,LOCAL,United States,0,1,0,3.77
6,192.168.1.5,52.95.114.193,EPH,443,IPV4,TCP,LOCAL,Ireland,0,1,0,8.56
6,192.168.1.5,52.95.118.60,EPH,443,IPV4,TCP,LOCAL,Ireland,0,1,0,8.56
6,52.95.114.193,192.168.1.5,443,EPH,IPV4,TCP,Ireland,LOCAL,0,1,0,8.56
7,52.95.118.60,192.168.1.5,443,EPH,IPV4,TCP,Ireland,LOCAL,0,1,0,6.94
13,192.168.1.3,23.220.188.132,EPH,443,IPV4,TCP,LOCAL,United States,0,1,0,3.44
31,fe80::9384:eb9e:f830:92b2,ff02::1:2,546,547,IPV6,UDP,LOCAL,MULTICAST,0,1,0,2.8
45,192.168.1.5,52.46.155.182,EPH,443,IPV4,TCP,LOCAL,United States,0,1,0,2.34
34,52.46.155.182,192.168.1.5,443,EPH,IPV4,TCP,United States,LOCAL,0,1,0,17.32
2,199.127.204.147,192.168.1.5,443,EPH,IPV4,TCP,United States,LOCAL,0,1,0,40
9,192.168.1.5,52.46.129.152,EPH,443,IPV4,TCP,LOCAL,United States,0,1,0,8.57
9,52.46.129.152,192.168.1.5,443,EPH,IPV4,TCP,United States,LOCAL,0,1,0,6.08
5,192.168.1.3,192.168.1.1,39684,49152,IPV4,TCP,LOCAL,LOCAL,0,1,0,14.9
177,192.168.1.3,162.125.19.130,EPH,443,IPV4,TCP,LOCAL,United States,0,1,0,0.23
8,52.46.150.229,192.168.1.5,443,EPH,IPV4,TCP,United States,LOCAL,0,1,0,47.58
3,3.222.236.219,192.168.1.5,443,EPH,IPV4,TCP,United States,LOCAL,0,1,0,34.67
92,192.168.1.1,192.168.1.5,NA,NA,ARP,1,LOCAL,LOCAL,0,1,0,0
92,192.168.1.5,192.168.1.1,NA,NA,ARP,2,LOCAL,LOCAL,0,1,0,0
2,2606:ae80:1451:21::500,2603:6080:ce03:b91a:7313:5bc5:25a9:825a,443,EPH,IPV6,TCP,United States,United States,0,1,0,55
2,192.168.1.3,192.168.1.1,39696,49152,IPV4,TCP,LOCAL,LOCAL,0,1,0,46
7,192.168.1.5,172.217.2.98,EPH,443,IPV4,TCP,LOCAL,LOCAL,0,1,0,9.2
4,2603:6080:ce03:b91a:7313:5bc5:25a9:825a,2606:4700::6812:15e2,EPH,80,IPV6,TCP,United States,United States,0,1,0,8.33
3,192.168.1.5,107.20.240.184,EPH,443,IPV4,TCP,LOCAL,United States,0,1,0,34.67
2,192.168.1.5,3.222.236.219,EPH,443,IPV4,TCP,LOCAL,United States,0,1,0,52
3,2603:6080:ce03:b91a:7313:5bc5:25a9:825a,2607:f8b0:4004:810::200a,EPH,443,IPV6,TCP,United States,United States,0,1,0,40.83
47,192.168.1.3,67.227.186.229,EPH,80,IPV4,TCP,LOCAL,United States,0,1,0,0.87
5,192.168.1.3,192.168.1.1,39709,49152,IPV4,TCP,LOCAL,LOCAL,0,1,0,14.9
2,192.168.1.5,52.46.135.211,EPH,443,IPV4,TCP,LOCAL,United States,0,1,0,40
1,52.46.135.211,192.168.1.5,443,EPH,IPV4,TCP,United States,LOCAL,0,1,0,40
8,192.168.1.5,185.167.164.51,EPH,443,IPV4,TCP,LOCAL,United States,0,1,0,13.38
3,2603:6080:ce03:b91a:7313:5bc5:25a9:825a,2607:f8b0:4004:815::200e,EPH,443,IPV6,TCP,United States,United States,0,1,0,40.83
2,2607:f8b0:4004:815::200e,2603:6080:ce03:b91a:7313:5bc5:25a9:825a,443,EPH,IPV6,TCP,United States,United States,0,1,0,51.5
1,107.20.240.184,192.168.1.5,443,EPH,IPV4,TCP,United States,LOCAL,0,1,0,52
28,192.168.1.3,52.119.162.43,EPH,443,IPV4,TCP,LOCAL,United States,0,1,0,1.49
8,192.168.1.3,224.0.0.252,EPH,5355,IPV4,UDP,LOCAL,LOCAL,0,1,0,7.33
13,192.168.1.3,13.107.42.23,EPH,443,IPV4,TCP,LOCAL,United States,0,1,0,3.44
3,192.168.1.5,54.192.76.212,EPH,443,IPV4,TCP,LOCAL,France,0,1,0,54.17
1,3.92.230.97,192.168.1.5,443,EPH,IPV4,TCP,United States,LOCAL,0,1,0,1500
2,192.168.1.5,63.241.108.104,EPH,443,IPV4,TCP,LOCAL,United States,0,1,0,52
3,192.168.1.5,54.81.60.45,EPH,443,IPV4,TCP,LOCAL,United States,0,1,0,82.83
2,192.168.1.5,142.250.73.226,EPH,443,IPV4,TCP,LOCAL,United States,0,1,0,91
2,192.168.1.5,18.181.136.244,EPH,443,IPV4,TCP,LOCAL,United States,0,1,0,98
2,142.250.73.226,192.168.1.5,443,EPH,IPV4,TCP,United States,LOCAL,0,1,0,71.5
6,192.168.1.3,192.168.1.1,39723,49152,IPV4,TCP,LOCAL,LOCAL,0,1,0,9.15
22,192.168.1.3,74.125.196.139,EPH,443,IPV4,UDP,LOCAL,United States,0,1,0,2.96
2,172.217.9.195,192.168.1.5,443,EPH,IPV4,TCP,LOCAL,LOCAL,0,1,0,71.5
5,192.168.1.3,52.114.75.79,EPH,443,IPV4,TCP,LOCAL,Netherlands,0,1,0,605.27
1,52.10.109.102,192.168.1.5,443,EPH,IPV4,TCP,United States,LOCAL,0,1,0,98
9,2603:6080:ce03:b91a:7313:5bc5:25a9:825a,2607:f8b0:4004:810::2003,EPH,80,IPV6,TCP,United States,United States,0,1,0,4.1
5,2607:f8b0:4004:810::2003,2603:6080:ce03:b91a:7313:5bc5:25a9:825a,80,EPH,IPV6,TCP,United States,United States,0,1,0,35.5
6,2603:6080:ce03:b91a:7313:5bc5:25a9:825a,2607:f8b0:4004:c07::5e,EPH,80,IPV6,TCP,United States,United States,0,1,0,7.78
4,2607:f8b0:4004:c07::5e,2603:6080:ce03:b91a:7313:5bc5:25a9:825a,80,EPH,IPV6,TCP,United States,United States,0,1,0,64.08
28,2603:6080:ce03:b91a:7313:5bc5:25a9:825a,2607:f8b0:4004:c07::5e,EPH,443,IPV6,TCP,United States,United States,0,1,0,1.22
34,2607:f8b0:4004:c07::5e,2603:6080:ce03:b91a:7313:5bc5:25a9:825a,443,EPH,IPV6,TCP,United States,United States,0,1,0,2.82
9,2607:f8b0:4004:806::200e,2603:6080:ce03:b91a:7313:5bc5:25a9:825a,443,EPH,IPV6,TCP,United States,United States,0,1,0,4.17
7,2603:6080:ce03:b91a:7313:5bc5:25a9:825a,2607:f8b0:4004:806::200e,EPH,443,IPV6,TCP,United States,United States,0,1,0,6.6
2,2603:6080:ce03:b91a:7313:5bc5:25a9:825a,2607:f8b0:4004:801::2002,EPH,443,IPV6,TCP,United States,United States,0,1,0,55.5
1,2607:f8b0:4004:801::2002,2603:6080:ce03:b91a:7313:5bc5:25a9:825a,443,EPH,IPV6,TCP,United States,United States,0,1,0,32
45,192.168.1.16,255.255.255.255,EPH,22936,IPV4,BROADCAST,LOCAL,RESERVED,0,1,0,1.36
23,2607:f8b0:4004:c09::5e,2603:6080:ce03:b91a:7313:5bc5:25a9:825a,443,EPH,IPV6,TCP,United States,United States,0,1,0,3.22
20,2603:6080:ce03:b91a:7313:5bc5:25a9:825a,2607:f8b0:4004:c09::5e,EPH,443,IPV6,TCP,United States,United States,0,1,0,1.76
3,2800:3f0:4004:804::2003,2603:6080:ce03:b91a:7313:5bc5:25a9:825a,443,EPH,IPV6,TCP,Argentina,United States,0,1,0,533.33
1,2607:f8b0:4004:808::2003,2603:6080:ce03:b91a:7313:5bc5:25a9:825a,443,EPH,IPV6,TCP,United States,United States,0,1,0,32
2,2603:6080:ce03:b91a:7313:5bc5:25a9:825a,2607:f8b0:4004:807::2002,EPH,443,IPV6,TCP,United States,United States,0,1,0,139
5,192.168.1.3,192.168.1.1,39749,49152,IPV4,TCP,LOCAL,LOCAL,0,1,0,14.9
1,2603:6080:ce03:b91a:7313:5bc5:25a9:825a,2607:f8b0:4004:803::2003,EPH,80,IPV6,TCP,United States,United States,0,1,0,32
5,2603:6080:ce03:b91a:7313:5bc5:25a9:825a,2607:f8b0:4004:801::200e,EPH,443,IPV6,TCP,United States,United States,0,1,0,10.12
1,192.168.1.5,3.92.230.97,EPH,443,IPV4,TCP,LOCAL,United States,0,1,0,98
1,2603:6080:ce03:b91a:7313:5bc5:25a9:825a,2607:f8b0:4004:808::2003,EPH,443,IPV6,TCP,United States,United States,0,1,0,71
1,192.168.1.5,34.195.233.1,EPH,443,IPV4,TCP,LOCAL,United States,0,1,0,98
1,2603:6080:ce03:b91a:7313:5bc5:25a9:825a,2607:f8b0:4004:811::200e,EPH,443,IPV6,TCP,United States,United States,0,1,0,71
1,2603:6080:ce03:b91a:7313:5bc5:25a9:825a,2607:f8b0:4004:802::2002,EPH,443,IPV6,TCP,United States,United States,0,1,0,71
1,192.168.1.5,147.75.39.192,EPH,443,IPV4,TCP,LOCAL,United States,0,1,0,98
3,192.168.1.5,107.178.246.49,EPH,443,IPV4,TCP,LOCAL,United States,0,1,0,45.17
1,192.168.1.5,34.237.161.69,EPH,443,IPV4,TCP,LOCAL,United States,0,1,0,98
1,2603:6080:ce03:b91a:7313:5bc5:25a9:825a,2606:4700:10::6816:1857,EPH,443,IPV6,TCP,United States,United States,0,1,0,59
1,2603:6080:ce03:b91a:7313:5bc5:25a9:825a,2800:3f0:4004:804::2003,EPH,443,IPV6,TCP,United States,Argentina,0,1,0,71
90,192.168.1.1,239.255.255.250,EPH,1900,IPV4,UDP,LOCAL,MULTICAST,0,1,0,5.95
5,192.168.1.3,192.168.1.1,39761,49152,IPV4,TCP,LOCAL,LOCAL,0,1,0,14.9
15,192.168.1.3,192.168.86.49,EPH,7680,IPV4,TCP,LOCAL,LOCAL,0,1,0,3.74
1,192.168.1.3,192.168.1.1,NA,NA,ARP,1,LOCAL,LOCAL,0,1,0,0
5,192.168.1.3,192.168.1.1,39774,49152,IPV4,TCP,LOCAL,LOCAL,0,1,0,14.9
28,192.168.1.3,52.177.166.224,EPH,443,IPV4,TCP,LOCAL,United States,0,1,0,1.54
5,192.168.1.3,192.168.1.1,39786,49152,IPV4,TCP,LOCAL,LOCAL,0,1,0,14.9
51,192.168.1.3,204.79.197.219,EPH,443,IPV4,TCP,LOCAL,United States,0,1,0,0.82
21,192.168.1.3,52.162.219.173,EPH,443,IPV4,TCP,LOCAL,United States,0,1,0,2.08
180,192.168.1.36,192.168.1.31,NA,NA,ARP,1,LOCAL,LOCAL,0,1,0,0
42,192.168.1.3,239.255.255.250,EPH,3702,IPV4,UDP,LOCAL,MULTICAST,0,1,0,16.69
5,192.168.1.3,192.168.1.1,39801,49152,IPV4,TCP,LOCAL,LOCAL,0,1,0,14.9
2,2603:6080:ce03:b91a:7313:5bc5:25a9:825a,2001:67c:1560:8003::c7,EPH,123,IPV6,UDP,United States,United Kingdom,0,1,0,56
2,2001:67c:1560:8003::c7,2603:6080:ce03:b91a:7313:5bc5:25a9:825a,123,EPH,IPV6,UDP,United Kingdom,United States,0,1,0,56
5,192.168.1.3,192.168.1.1,39813,49152,IPV4,TCP,LOCAL,LOCAL,0,1,0,14.9
19,192.168.1.3,37.156.185.151,1608,80,IPV4,TCP,LOCAL,United States,0,1,0,2.29
4,fe80::9384:eb9e:f830:92b2,fe80::3649:5bff:fecd:fa1a,NA,NA,IPV6,ICMP,LOCAL,LOCAL,0,1,0,11
4,fe80::3649:5bff:fecd:fa1a,fe80::9384:eb9e:f830:92b2,NA,NA,IPV6,ICMP,LOCAL,LOCAL,0,1,0,12.33
75,192.168.1.5,18.236.149.136,EPH,80,IPV4,TCP,LOCAL,United States,0,1,0,0.7
63,18.236.149.136,192.168.1.5,80,EPH,IPV4,TCP,United States,LOCAL,0,1,0,0.84
9,192.168.1.3,192.168.1.255,138,138,IPV4,BROADCAST,LOCAL,LOCAL,0,1,0,29.36
5,192.168.1.3,192.168.1.1,39825,49152,IPV4,TCP,LOCAL,LOCAL,0,1,0,14.9
5,192.168.1.3,192.168.1.1,39837,49152,IPV4,TCP,LOCAL,LOCAL,0,1,0,14.9
5,192.168.1.3,192.168.1.1,39849,49152,IPV4,TCP,LOCAL,LOCAL,0,1,0,14.9
5,192.168.1.3,192.168.1.1,39861,49152,IPV4,TCP,LOCAL,LOCAL,0,1,0,14.9
6,192.168.1.3,192.168.1.1,39873,49152,IPV4,TCP,LOCAL,LOCAL,0,1,0,9.15
506,192.168.1.5,52.42.151.74,EPH,443,IPV4,TCP,LOCAL,United States,0,1,0,0.08
401,52.42.151.74,192.168.1.5,443,EPH,IPV4,TCP,United States,LOCAL,0,1,0,0.13
5,192.168.1.3,192.168.1.1,39885,49152,IPV4,TCP,LOCAL,LOCAL,0,1,0,14.9
27,192.168.1.3,64.233.177.17,EPH,443,IPV4,TCP,LOCAL,United States,0,1,0,1.54
5,192.168.1.3,192.168.1.1,39898,49152,IPV4,TCP,LOCAL,LOCAL,0,1,0,14.9
5,192.168.1.3,192.168.1.1,39910,49152,IPV4,TCP,LOCAL,LOCAL,0,1,0,14.9
96,192.168.1.3,192.168.1.255,EPH,22936,IPV4,BROADCAST,LOCAL,LOCAL,0,1,0,0.63
5,192.168.1.3,192.168.1.1,39922,49152,IPV4,TCP,LOCAL,LOCAL,0,1,0,14.9
23,192.168.1.3,255.255.255.255,EPH,22936,IPV4,BROADCAST,LOCAL,RESERVED,0,1,0,2.73
269,44.238.41.205,192.168.1.5,443,EPH,IPV4,TCP,United States,LOCAL,0,1,0,0.19
5,192.168.1.3,192.168.1.1,39934,49152,IPV4,TCP,LOCAL,LOCAL,0,1,0,14.9
173,192.168.1.3,72.52.169.62,EPH,995,IPV4,TCP,LOCAL,United States,0,1,0,0.23
5,192.168.1.3,192.168.1.1,39947,49152,IPV4,TCP,LOCAL,LOCAL,0,1,0,14.9
5,192.168.1.3,192.168.1.1,39959,49152,IPV4,TCP,LOCAL,LOCAL,0,1,0,14.9
59,192.168.1.3,64.233.185.94,EPH,443,IPV4,UDP,LOCAL,United States,0,1,0,1.05
5,192.168.1.3,192.168.1.1,39971,49152,IPV4,TCP,LOCAL,LOCAL,0,1,0,14.9
19,192.168.1.16,224.0.0.251,5353,5353,IPV4,UDP,LOCAL,LOCAL,0,1,0,21.69
19,fe80::fb:da26:80cf:1582,ff02::fb,5353,5353,IPV6,UDP,LOCAL,MULTICAST,0,1,0,20.57
5,192.168.1.3,192.168.1.1,39984,49152,IPV4,TCP,LOCAL,LOCAL,0,1,0,14.9
12,192.168.1.3,23.220.189.69,EPH,80,IPV4,TCP,LOCAL,United States,0,1,0,3.69
10,192.168.1.3,23.203.48.66,EPH,443,IPV4,TCP,LOCAL,United States,0,1,0,4.56
5,192.168.1.3,192.168.1.1,39998,49152,IPV4,TCP,LOCAL,LOCAL,0,1,0,14.9
5,192.168.1.3,192.168.1.1,40010,49152,IPV4,TCP,LOCAL,LOCAL,0,1,0,14.9
5,192.168.1.3,192.168.1.1,40022,49152,IPV4,TCP,LOCAL,LOCAL,0,1,0,14.9
6,192.168.1.3,192.168.1.1,40035,49152,IPV4,TCP,LOCAL,LOCAL,0,1,0,9.15
5,192.168.1.3,192.168.1.1,40047,49152,IPV4,TCP,LOCAL,LOCAL,0,1,0,14.9
21,192.168.1.3,13.107.42.12,EPH,443,IPV4,TCP,LOCAL,United States,0,1,0,5.1
34,192.168.1.3,52.239.184.42,EPH,443,IPV4,TCP,LOCAL,United States,0,1,0,1.32
28,192.168.1.3,108.177.122.139,EPH,443,IPV4,UDP,LOCAL,United States,0,1,0,2.8
5,192.168.1.3,192.168.1.1,40061,49152,IPV4,TCP,LOCAL,LOCAL,0,1,0,14.9
5,192.168.1.3,192.168.1.1,40073,49152,IPV4,TCP,LOCAL,LOCAL,0,1,0,14.9
26,192.168.1.3,104.84.231.113,EPH,80,IPV4,TCP,LOCAL,United States,0,1,0,1.6
5,192.168.1.3,192.168.1.1,40086,49152,IPV4,TCP,LOCAL,LOCAL,0,1,0,14.9
6,192.168.1.3,192.168.1.1,40098,49152,IPV4,TCP,LOCAL,LOCAL,0,1,0,9.15
5,192.168.1.3,192.168.1.1,40110,49152,IPV4,TCP,LOCAL,LOCAL,0,1,0,14.9
5,192.168.1.3,192.168.1.1,40122,49152,IPV4,TCP,LOCAL,LOCAL,0,1,0,14.9
5,192.168.1.3,192.168.1.1,40134,49152,IPV4,TCP,LOCAL,LOCAL,0,1,0,14.9
5,192.168.1.3,192.168.1.1,40145,49152,IPV4,TCP,LOCAL,LOCAL,0,1,0,14.9
5,192.168.1.3,192.168.1.1,40157,49152,IPV4,TCP,LOCAL,LOCAL,0,1,0,14.9
5,192.168.1.3,192.168.1.1,40169,49152,IPV4,TCP,LOCAL,LOCAL,0,1,0,14.9
5,192.168.1.3,192.168.1.1,40181,49152,IPV4,TCP,LOCAL,LOCAL,0,1,0,14.9
5,192.168.1.3,192.168.1.1,40193,49152,IPV4,TCP,LOCAL,LOCAL,0,1,0,14.9
5,192.168.1.3,192.168.1.1,40206,49152,IPV4,TCP,LOCAL,LOCAL,0,1,0,14.9
5,192.168.1.3,192.168.1.1,40218,49152,IPV4,TCP,LOCAL,LOCAL,0,1,0,14.9
5,192.168.1.3,192.168.1.1,40230,49152,IPV4,TCP,LOCAL,LOCAL,0,1,0,14.9
6,192.168.1.3,192.168.1.1,40242,49152,IPV4,TCP,LOCAL,LOCAL,0,1,0,9.15
6,192.168.1.3,192.168.1.1,40254,49152,IPV4,TCP,LOCAL,LOCAL,0,1,0,9.15
116,192.168.1.3,108.177.122.94,EPH,443,IPV4,UDP,LOCAL,United States,0,1,0,0.53
9,192.168.1.3,40.122.160.14,EPH,443,IPV4,TCP,LOCAL,United States,0,1,0,7.16
5,192.168.1.3,192.168.1.1,40267,49152,IPV4,TCP,LOCAL,LOCAL,0,1,0,14.9
24,192.168.1.3,162.125.8.20,EPH,443,IPV4,TCP,LOCAL,United States,0,1,0,1.8
5,192.168.1.3,192.168.1.1,40280,49152,IPV4,TCP,LOCAL,LOCAL,0,1,0,14.9
5,192.168.1.3,192.168.1.1,40292,49152,IPV4,TCP,LOCAL,LOCAL,0,1,0,14.9
5,192.168.1.3,192.168.1.1,40304,49152,IPV4,TCP,LOCAL,LOCAL,0,1,0,14.9
6,192.168.1.3,192.168.1.1,40316,49152,IPV4,TCP,LOCAL,LOCAL,0,1,0,9.15
5,192.168.1.3,192.168.1.1,40328,49152,IPV4,TCP,LOCAL,LOCAL,0,1,0,14.9
5,192.168.1.3,192.168.1.1,40340,49152,IPV4,TCP,LOCAL,LOCAL,0,1,0,14.9
6,192.168.1.3,192.168.1.1,40352,49152,IPV4,TCP,LOCAL,LOCAL,0,1,0,9.15
6,192.168.1.3,192.168.1.1,40364,49152,IPV4,TCP,LOCAL,LOCAL,0,1,0,9.15
140,192.168.1.3,52.177.165.30,EPH,443,IPV4,TCP,LOCAL,United States,0,1,0,0.29
5,192.168.1.3,192.168.1.1,40379,49152,IPV4,TCP,LOCAL,LOCAL,0,1,0,14.9
6,192.168.1.3,192.168.1.1,40391,49152,IPV4,TCP,LOCAL,LOCAL,0,1,0,9.15
1,2603:6080:ce03:b91a:9bd3:72a8:7370:cba1,ff02::fb,5353,5353,IPV6,UDP,United States,MULTICAST,0,1,0,142
1,192.168.1.5,224.0.0.251,5353,5353,IPV4,UDP,LOCAL,LOCAL,0,1,0,67
51,192.168.1.3,52.114.77.33,EPH,443,IPV4,TCP,LOCAL,Ireland,0,1,0,0.8
6,192.168.1.3,192.168.1.1,40404,49152,IPV4,TCP,LOCAL,LOCAL,0,1,0,9.15
6,192.168.1.3,192.168.1.1,40417,49152,IPV4,TCP,LOCAL,LOCAL,0,1,0,9.15
31,192.168.1.3,64.233.177.95,EPH,443,IPV4,UDP,LOCAL,United States,0,1,0,2.04
5,192.168.1.3,192.168.1.1,40429,49152,IPV4,TCP,LOCAL,LOCAL,0,1,0,14.9
5,192.168.1.3,192.168.1.1,40441,49152,IPV4,TCP,LOCAL,LOCAL,0,1,0,14.9
5,192.168.1.3,192.168.1.1,40453,49152,IPV4,TCP,LOCAL,LOCAL,0,1,0,14.9
24,192.168.1.3,52.119.165.36,EPH,443,IPV4,TCP,LOCAL,United States,0,1,0,1.78
9,192.168.1.3,52.109.8.19,EPH,443,IPV4,TCP,LOCAL,United States,0,1,0,5.35
5,192.168.1.3,192.168.1.1,40467,49152,IPV4,TCP,LOCAL,LOCAL,0,1,0,14.9
5,192.168.1.3,192.168.1.1,40478,49152,IPV4,TCP,LOCAL,LOCAL,0,1,0,14.9
5,192.168.1.3,192.168.1.1,40491,49152,IPV4,TCP,LOCAL,LOCAL,0,1,0,14.9
5,192.168.1.3,192.168.1.1,40503,49152,IPV4,TCP,LOCAL,LOCAL,0,1,0,14.9
5,192.168.1.3,192.168.1.1,40515,49152,IPV4,TCP,LOCAL,LOCAL,0,1,0,14.9
5,192.168.1.3,192.168.1.1,40527,49152,IPV4,TCP,LOCAL,LOCAL,0,1,0,14.9
5,192.168.1.3,192.168.1.1,40539,49152,IPV4,TCP,LOCAL,LOCAL,0,1,0,14.9
5,192.168.1.3,192.168.1.1,40551,49152,IPV4,TCP,LOCAL,LOCAL,0,1,0,14.9
48,192.168.1.3,142.250.105.94,EPH,443,IPV4,UDP,LOCAL,United States,0,1,0,1.3
5,192.168.1.3,192.168.1.1,40563,49152,IPV4,TCP,LOCAL,LOCAL,0,1,0,14.9
5,192.168.1.3,192.168.1.1,40575,49152,IPV4,TCP,LOCAL,LOCAL,0,1,0,14.9
5,192.168.1.3,192.168.1.1,40587,49152,IPV4,TCP,LOCAL,LOCAL,0,1,0,14.9
5,192.168.1.3,192.168.1.1,40599,49152,IPV4,TCP,LOCAL,LOCAL,0,1,0,14.9
103,192.168.1.3,64.233.177.102,EPH,443,IPV4,UDP,LOCAL,United States,0,1,0,0.39
5,192.168.1.3,192.168.1.1,40611,49152,IPV4,TCP,LOCAL,LOCAL,0,1,0,14.9
5,192.168.1.3,192.168.1.1,40623,49152,IPV4,TCP,LOCAL,LOCAL,0,1,0,14.9
29,192.168.1.3,64.233.177.19,EPH,443,IPV4,TCP,LOCAL,United States,0,1,0,1.43
5,192.168.1.3,192.168.1.1,40636,49152,IPV4,TCP,LOCAL,LOCAL,0,1,0,14.9
63,192.168.1.3,162.125.6.13,EPH,443,IPV4,TCP,LOCAL,United States,0,1,0,0.65
5,192.168.1.3,192.168.1.1,40649,49152,IPV4,TCP,LOCAL,LOCAL,0,1,0,14.9
5,192.168.1.3,192.168.1.1,40661,49152,IPV4,TCP,LOCAL,LOCAL,0,1,0,14.9
5,192.168.1.3,192.168.1.1,40674,49152,IPV4,TCP,LOCAL,LOCAL,0,1,0,14.9
5,192.168.1.3,192.168.1.1,40687,49152,IPV4,TCP,LOCAL,LOCAL,0,1,0,14.9
5,192.168.1.3,192.168.1.1,40699,49152,IPV4,TCP,LOCAL,LOCAL,0,1,0,14.9
5,192.168.1.3,192.168.1.1,40711,49152,IPV4,TCP,LOCAL,LOCAL,0,1,0,14.9
5,192.168.1.3,192.168.1.1,40724,49152,IPV4,TCP,LOCAL,LOCAL,0,1,0,14.9
408,192.168.1.5,34.210.121.31,EPH,443,IPV4,TCP,LOCAL,United States,0,1,0,0.1
330,34.210.121.31,192.168.1.5,443,EPH,IPV4,TCP,United States,LOCAL,0,1,0,0.16
19,2603:6080:ce03:b91a:7313:5bc5:25a9:825a,2600:1901:0:38d7::,EPH,80,IPV6,TCP,United States,United States,0,1,0,1.78
15,2600:1901:0:38d7::,2603:6080:ce03:b91a:7313:5bc5:25a9:825a,80,EPH,IPV6,TCP,United States,United States,0,1,0,2.3
10,192.168.1.5,34.107.221.82,EPH,80,IPV4,TCP,LOCAL,United States,0,1,0,5.86
8,34.107.221.82,192.168.1.5,80,EPH,IPV4,TCP,United States,LOCAL,0,1,0,7.64
73,2603:6080:ce03:b91a:7313:5bc5:25a9:825a,2606:4700::6810:f9f9,EPH,443,IPV6,TCP,United States,United States,0,1,0,0.28
101,2606:4700::6810:f9f9,2603:6080:ce03:b91a:7313:5bc5:25a9:825a,443,EPH,IPV6,TCP,United States,United States,0,1,0,0.2
20,192.168.1.5,52.85.86.116,EPH,443,IPV4,TCP,LOCAL,United States,0,1,0,2.75
19,52.85.86.116,192.168.1.5,443,EPH,IPV4,TCP,United States,LOCAL,0,1,0,2.9
15,99.84.221.97,192.168.1.5,443,EPH,IPV4,TCP,United States,LOCAL,0,1,0,3.74
16,192.168.1.5,99.84.221.97,EPH,443,IPV4,TCP,LOCAL,United States,0,1,0,3.49
5,192.168.1.5,52.26.249.11,EPH,443,IPV4,TCP,LOCAL,United States,0,1,0,18.08
1,52.26.249.11,192.168.1.5,443,EPH,IPV4,TCP,United States,LOCAL,0,1,0,251
6,2607:f8b0:4004:82a::2002,2603:6080:ce03:b91a:7313:5bc5:25a9:825a,443,EPH,IPV6,TCP,United States,United States,0,1,0,6.98
5,2607:f8b0:4004:804::2002,2603:6080:ce03:b91a:7313:5bc5:25a9:825a,443,EPH,IPV6,TCP,United States,United States,0,1,0,9.43
7,2607:f8b0:4004:814::200e,2603:6080:ce03:b91a:7313:5bc5:25a9:825a,443,EPH,IPV6,TCP,United States,United States,0,1,0,5.61
1,2603:6080:ce03:b91a:7313:5bc5:25a9:825a,2607:f8b0:4004:815::2003,EPH,443,IPV6,TCP,United States,United States,0,1,0,40
6,2607:f8b0:4004:829::200e,2603:6080:ce03:b91a:7313:5bc5:25a9:825a,443,EPH,IPV6,TCP,United States,United States,0,1,0,6.99
5,192.168.1.3,192.168.1.1,40748,49152,IPV4,TCP,LOCAL,LOCAL,0,1,0,14.9
44,192.168.1.5,95.173.136.168,EPH,80,IPV4,TCP,LOCAL,Russian Federation,0,1,0,1.21
41,95.173.136.168,192.168.1.5,80,EPH,IPV4,TCP,Russian Federation,LOCAL,0,1,0,1.3
8,95.173.136.172,192.168.1.5,80,EPH,IPV4,TCP,Russian Federation,LOCAL,0,1,0,7.63
14,192.168.1.5,95.173.136.172,EPH,80,IPV4,TCP,LOCAL,Russian Federation,0,1,0,4.03
3,2a02:6b8::231,2603:6080:ce03:b91a:7313:5bc5:25a9:825a,80,EPH,IPV6,TCP,Russian Federation,United States,0,1,0,21.33
19,2a02:6b8::1:119,2603:6080:ce03:b91a:7313:5bc5:25a9:825a,443,EPH,IPV6,TCP,Russian Federation,United States,0,1,0,9.42
23,2603:6080:ce03:b91a:7313:5bc5:25a9:825a,2a02:6b8::1:119,EPH,443,IPV6,TCP,United States,Russian Federation,0,1,0,1.51
1,192.168.1.3,192.168.1.1,40761,49152,IPV4,TCP,LOCAL,LOCAL,0,1,0,52
5,192.168.1.5,95.173.136.171,EPH,80,IPV4,TCP,LOCAL,Russian Federation,0,1,0,14.8
3,95.173.136.171,192.168.1.5,80,EPH,IPV4,TCP,Russian Federation,LOCAL,0,1,0,37.33
50,192.168.1.3,52.167.249.196,EPH,443,IPV4,TCP,LOCAL,United States,0,1,0,0.82
1,2603:6080:ce03:b91a:7313:5bc5:25a9:825a,2a02:6b8::231,EPH,80,IPV6,TCP,United States,Russian Federation,0,1,0,32
2,2603:6080:ce03:b91a:7313:5bc5:25a9:825a,2a02:6b8::1:119,EPH,80,IPV6,TCP,United States,Russian Federation,0,1,0,32
1,2a02:6b8::1:119,2603:6080:ce03:b91a:7313:5bc5:25a9:825a,80,EPH,IPV6,TCP,Russian Federation,United States,0,1,0,32
8,192.168.1.3,64.233.177.139,EPH,443,IPV4,UDP,LOCAL,United States,0,1,0,9.08
5,192.168.1.3,192.168.1.1,40774,49152,IPV4,TCP,LOCAL,LOCAL,0,1,0,14.9
4,2603:6080:ce03:b91a:7313:5bc5:25a9:825a,2607:f8b0:4004:814::200e,EPH,443,IPV6,TCP,United States,United States,0,1,0,15.96
4,192.168.1.5,172.217.13.227,EPH,443,IPV4,TCP,LOCAL,LOCAL,0,1,0,24.29
4,2603:6080:ce03:b91a:7313:5bc5:25a9:825a,2607:f8b0:4004:82a::2002,EPH,443,IPV6,TCP,United States,United States,0,1,0,15.96
4,2603:6080:ce03:b91a:7313:5bc5:25a9:825a,2607:f8b0:4004:829::200e,EPH,443,IPV6,TCP,United States,United States,0,1,0,15.96
4,2603:6080:ce03:b91a:7313:5bc5:25a9:825a,2607:f8b0:4004:804::2002,EPH,443,IPV6,TCP,United States,United States,0,1,0,15.96
4,172.217.13.227,192.168.1.5,443,EPH,IPV4,TCP,LOCAL,LOCAL,0,1,0,22.67
5,192.168.1.3,192.168.1.1,40788,49152,IPV4,TCP,LOCAL,LOCAL,0,1,0,14.9
5,192.168.1.3,192.168.1.1,40799,49152,IPV4,TCP,LOCAL,LOCAL,0,1,0,14.9
3,192.168.1.7,192.168.1.3,NA,NA,ARP,1,LOCAL,LOCAL,0,1,0,0
3,192.168.1.3,192.168.1.7,NA,NA,ARP,2,LOCAL,LOCAL,0,1,0,0
5,192.168.1.3,192.168.1.1,40811,49152,IPV4,TCP,LOCAL,LOCAL,0,1,0,14.9
6,192.168.1.3,192.168.1.1,40824,49152,IPV4,TCP,LOCAL,LOCAL,0,1,0,9.15
5,192.168.1.3,192.168.1.1,40836,49152,IPV4,TCP,LOCAL,LOCAL,0,1,0,14.9
5,192.168.1.3,192.168.1.1,40848,49152,IPV4,TCP,LOCAL,LOCAL,0,1,0,14.9
5,192.168.1.3,192.168.1.1,40860,49152,IPV4,TCP,LOCAL,LOCAL,0,1,0,14.9
5,192.168.1.3,192.168.1.1,40872,49152,IPV4,TCP,LOCAL,LOCAL,0,1,0,14.9
6,192.168.1.3,192.168.1.1,40884,49152,IPV4,TCP,LOCAL,LOCAL,0,1,0,9.15
5,192.168.1.3,192.168.1.1,40896,49152,IPV4,TCP,LOCAL,LOCAL,0,1,0,14.9
31,192.168.1.3,142.250.9.95,EPH,443,IPV4,UDP,LOCAL,United States,0,1,0,1.37
5,192.168.1.3,192.168.1.1,40909,49152,IPV4,TCP,LOCAL,LOCAL,0,1,0,14.9
106,192.168.1.3,216.58.194.238,EPH,443,IPV4,UDP,LOCAL,United States,0,1,0,0.58
5,192.168.1.3,192.168.1.1,40921,49152,IPV4,TCP,LOCAL,LOCAL,0,1,0,14.9
5,192.168.1.3,192.168.1.1,40933,49152,IPV4,TCP,LOCAL,LOCAL,0,1,0,14.9
5,192.168.1.3,192.168.1.1,40946,49152,IPV4,TCP,LOCAL,LOCAL,0,1,0,14.9
5,192.168.1.3,192.168.1.1,40958,49152,IPV4,TCP,LOCAL,LOCAL,0,1,0,14.9
5,192.168.1.3,192.168.1.1,40970,49152,IPV4,TCP,LOCAL,LOCAL,0,1,0,14.9
1,fe80::fb:da26:80cf:1582,ff02::1:2,546,547,IPV6,UDP,LOCAL,MULTICAST,0,1,0,60
5,192.168.1.3,192.168.1.1,40982,49152,IPV4,TCP,LOCAL,LOCAL,0,1,0,14.9
29,192.168.1.3,64.233.185.95,EPH,443,IPV4,UDP,LOCAL,United States,0,1,0,2.18
5,192.168.1.3,192.168.1.1,40994,49152,IPV4,TCP,LOCAL,LOCAL,0,1,0,14.9
26,192.168.1.3,64.233.177.94,EPH,443,IPV4,UDP,LOCAL,United States,0,1,0,2.45
5,192.168.1.3,192.168.1.1,41006,49152,IPV4,TCP,LOCAL,LOCAL,0,1,0,14.9
6,192.168.1.3,192.168.1.1,41018,49152,IPV4,TCP,LOCAL,LOCAL,0,1,0,9.15
5,192.168.1.3,192.168.1.1,41030,49152,IPV4,TCP,LOCAL,LOCAL,0,1,0,14.9
6,192.168.1.3,192.168.1.1,41042,49152,IPV4,TCP,LOCAL,LOCAL,0,1,0,9.15
5,192.168.1.3,192.168.1.1,41054,49152,IPV4,TCP,LOCAL,LOCAL,0,1,0,14.9
5,192.168.1.3,192.168.1.1,41066,49152,IPV4,TCP,LOCAL,LOCAL,0,1,0,14.9
5,192.168.1.3,192.168.1.1,41078,49152,IPV4,TCP,LOCAL,LOCAL,0,1,0,14.9
6,192.168.1.3,192.168.1.1,41090,49152,IPV4,TCP,LOCAL,LOCAL,0,1,0,9.15
6,192.168.1.3,192.168.1.1,41102,49152,IPV4,TCP,LOCAL,LOCAL,0,1,0,9.15
5,192.168.1.3,192.168.1.1,41114,49152,IPV4,TCP,LOCAL,LOCAL,0,1,0,14.9
5,192.168.1.3,192.168.1.1,41125,49152,IPV4,TCP,LOCAL,LOCAL,0,1,0,14.9
24,192.168.1.3,13.73.26.107,EPH,443,IPV4,TCP,LOCAL,Japan,0,1,0,1.75
5,192.168.1.3,192.168.1.1,41139,49152,IPV4,TCP,LOCAL,LOCAL,0,1,0,14.9
5,192.168.1.3,192.168.1.1,41151,49152,IPV4,TCP,LOCAL,LOCAL,0,1,0,14.9
5,192.168.1.3,192.168.1.1,41164,49152,IPV4,TCP,LOCAL,LOCAL,0,1,0,14.9
5,192.168.1.3,192.168.1.1,41176,49152,IPV4,TCP,LOCAL,LOCAL,0,1,0,14.9
5,192.168.1.3,192.168.1.1,41189,49152,IPV4,TCP,LOCAL,LOCAL,0,1,0,14.9
5,192.168.1.3,192.168.1.1,41201,49152,IPV4,TCP,LOCAL,LOCAL,0,1,0,14.9
6,192.168.1.3,8.251.132.254,EPH,80,IPV4,TCP,LOCAL,United States,0,1,0,9.36
5,192.168.1.3,192.168.1.1,41214,49152,IPV4,TCP,LOCAL,LOCAL,0,1,0,14.9
5,192.168.1.3,192.168.1.1,41226,49152,IPV4,TCP,LOCAL,LOCAL,0,1,0,14.9
5,192.168.1.3,192.168.1.1,41238,49152,IPV4,TCP,LOCAL,LOCAL,0,1,0,14.9
5,192.168.1.3,192.168.1.1,41252,49152,IPV4,TCP,LOCAL,LOCAL,0,1,0,14.9
5,192.168.1.3,192.168.1.1,41264,49152,IPV4,TCP,LOCAL,LOCAL,0,1,0,14.9
6,192.168.1.3,192.168.1.1,41276,49152,IPV4,TCP,LOCAL,LOCAL,0,1,0,9.15
5,192.168.1.3,192.168.1.1,41288,49152,IPV4,TCP,LOCAL,LOCAL,0,1,0,14.9
6,192.168.1.3,192.168.1.1,41300,49152,IPV4,TCP,LOCAL,LOCAL,0,1,0,9.15
5,192.168.1.3,192.168.1.1,41313,49152,IPV4,TCP,LOCAL,LOCAL,0,1,0,14.9
5,192.168.1.3,192.168.1.1,41325,49152,IPV4,TCP,LOCAL,LOCAL,0,1,0,14.9
22,192.168.1.3,162.125.6.20,EPH,443,IPV4,TCP,LOCAL,United States,0,1,0,1.98
5,192.168.1.3,192.168.1.1,41338,49152,IPV4,TCP,LOCAL,LOCAL,0,1,0,14.9
18,192.168.1.3,108.177.122.100,EPH,443,IPV4,UDP,LOCAL,United States,0,1,0,4.98
5,192.168.1.3,192.168.1.1,41350,49152,IPV4,TCP,LOCAL,LOCAL,0,1,0,14.9
5,192.168.1.3,192.168.1.1,41362,49152,IPV4,TCP,LOCAL,LOCAL,0,1,0,14.9
47,192.168.1.3,74.125.21.83,EPH,443,IPV4,TCP,LOCAL,United States,0,1,0,0.87
9,192.168.1.3,64.233.177.138,EPH,443,IPV4,UDP,LOCAL,United States,0,1,0,7.97
6,192.168.1.3,192.168.1.1,41375,49152,IPV4,TCP,LOCAL,LOCAL,0,1,0,9.15
5,192.168.1.3,192.168.1.1,41387,49152,IPV4,TCP,LOCAL,LOCAL,0,1,0,14.9
12,192.168.1.3,104.94.112.17,EPH,80,IPV4,TCP,LOCAL,United States,0,1,0,3.69
5,192.168.1.3,192.168.1.1,41400,49152,IPV4,TCP,LOCAL,LOCAL,0,1,0,14.9
6,192.168.1.3,192.168.1.1,41412,49152,IPV4,TCP,LOCAL,LOCAL,0,1,0,9.15
6,192.168.1.3,192.168.1.1,41425,49152,IPV4,TCP,LOCAL,LOCAL,0,1,0,9.15
5,192.168.1.3,192.168.1.1,41436,49152,IPV4,TCP,LOCAL,LOCAL,0,1,0,14.9
9,192.168.1.3,74.125.138.147,EPH,443,IPV4,UDP,LOCAL,United States,0,1,0,8.02
30,192.168.1.3,172.217.215.94,EPH,443,IPV4,UDP,LOCAL,LOCAL,0,1,0,2.11
5,192.168.1.3,192.168.1.1,41449,49152,IPV4,TCP,LOCAL,LOCAL,0,1,0,14.9
5,192.168.1.3,192.168.1.1,41461,49152,IPV4,TCP,LOCAL,LOCAL,0,1,0,14.9
5,192.168.1.3,192.168.1.1,41473,49152,IPV4,TCP,LOCAL,LOCAL,0,1,0,14.9
5,192.168.1.3,192.168.1.1,41485,49152,IPV4,TCP,LOCAL,LOCAL,0,1,0,14.9
5,192.168.1.3,192.168.1.1,41497,49152,IPV4,TCP,LOCAL,LOCAL,0,1,0,14.9
11,192.168.1.3,216.239.32.116,EPH,443,IPV4,UDP,LOCAL,United States,0,1,0,6.66
5,192.168.1.3,192.168.1.1,41509,49152,IPV4,TCP,LOCAL,LOCAL,0,1,0,14.9
6,192.168.1.3,192.168.1.1,41521,49152,IPV4,TCP,LOCAL,LOCAL,0,1,0,9.15
7,192.168.1.3,74.125.21.113,EPH,443,IPV4,UDP,LOCAL,United States,0,1,0,13.17
5,192.168.1.3,192.168.1.1,41533,49152,IPV4,TCP,LOCAL,LOCAL,0,1,0,14.9
6,192.168.1.3,192.168.1.1,41545,49152,IPV4,TCP,LOCAL,LOCAL,0,1,0,9.15
5,192.168.1.3,104.84.231.99,EPH,80,IPV4,TCP,LOCAL,United States,0,1,0,12.8
5,192.168.1.3,192.168.1.1,41558,49152,IPV4,TCP,LOCAL,LOCAL,0,1,0,14.9
6,192.168.1.3,192.168.1.1,41570,49152,IPV4,TCP,LOCAL,LOCAL,0,1,0,9.15
5,192.168.1.3,192.168.1.1,41582,49152,IPV4,TCP,LOCAL,LOCAL,0,1,0,14.9
5,192.168.1.3,192.168.1.1,41594,49152,IPV4,TCP,LOCAL,LOCAL,0,1,0,14.9
5,192.168.1.3,192.168.1.1,41606,49152,IPV4,TCP,LOCAL,LOCAL,0,1,0,14.9
5,192.168.1.3,192.168.1.1,41618,49152,IPV4,TCP,LOCAL,LOCAL,0,1,0,14.9
5,192.168.1.3,192.168.1.1,41630,49152,IPV4,TCP,LOCAL,LOCAL,0,1,0,14.9
5,192.168.1.3,192.168.1.1,41642,49152,IPV4,TCP,LOCAL,LOCAL,0,1,0,14.9
5,192.168.1.3,192.168.1.1,41654,49152,IPV4,TCP,LOCAL,LOCAL,0,1,0,14.9
5,192.168.1.3,192.168.1.1,41666,49152,IPV4,TCP,LOCAL,LOCAL,0,1,0,14.9
5,192.168.1.3,192.168.1.1,41678,49152,IPV4,TCP,LOCAL,LOCAL,0,1,0,14.9
5,192.168.1.3,192.168.1.1,41691,49152,IPV4,TCP,LOCAL,LOCAL,0,1,0,14.9
5,192.168.1.3,192.168.1.1,41703,49152,IPV4,TCP,LOCAL,LOCAL,0,1,0,14.9
5,192.168.1.3,192.168.1.1,41715,49152,IPV4,TCP,LOCAL,LOCAL,0,1,0,14.9
6,192.168.1.3,192.168.1.1,41726,49152,IPV4,TCP,LOCAL,LOCAL,0,1,0,9.15
19,192.168.1.3,172.253.124.94,EPH,443,IPV4,UDP,LOCAL,LOCAL,0,1,0,3.42
5,192.168.1.3,192.168.1.1,41738,49152,IPV4,TCP,LOCAL,LOCAL,0,1,0,14.9
5,192.168.1.3,192.168.1.1,41750,49152,IPV4,TCP,LOCAL,LOCAL,0,1,0,14.9
5,192.168.1.3,192.168.1.1,41762,49152,IPV4,TCP,LOCAL,LOCAL,0,1,0,14.9
5,192.168.1.3,192.168.1.1,41774,49152,IPV4,TCP,LOCAL,LOCAL,0,1,0,14.9
5,192.168.1.3,192.168.1.1,41787,49152,IPV4,TCP,LOCAL,LOCAL,0,1,0,14.9
5,192.168.1.3,192.168.1.1,41799,49152,IPV4,TCP,LOCAL,LOCAL,0,1,0,14.9
5,192.168.1.3,192.168.1.1,41811,49152,IPV4,TCP,LOCAL,LOCAL,0,1,0,14.9
5,192.168.1.3,192.168.1.1,41823,49152,IPV4,TCP,LOCAL,LOCAL,0,1,0,14.9
5,192.168.1.3,192.168.1.1,41835,49152,IPV4,TCP,LOCAL,LOCAL,0,1,0,14.9
5,192.168.1.3,192.168.1.1,41848,49152,IPV4,TCP,LOCAL,LOCAL,0,1,0,14.9
13,192.168.1.3,52.114.128.9,EPH,443,IPV4,TCP,LOCAL,United States,0,1,0,4.41
5,192.168.1.3,192.168.1.1,41862,49152,IPV4,TCP,LOCAL,LOCAL,0,1,0,14.9
5,192.168.1.3,192.168.1.1,41876,49152,IPV4,TCP,LOCAL,LOCAL,0,1,0,14.9
5,192.168.1.3,192.168.1.1,41890,49152,IPV4,TCP,LOCAL,LOCAL,0,1,0,14.9
6,192.168.1.3,192.168.1.1,41902,49152,IPV4,TCP,LOCAL,LOCAL,0,1,0,9.15
5,192.168.1.3,192.168.1.1,41914,49152,IPV4,TCP,LOCAL,LOCAL,0,1,0,14.9
5,192.168.1.3,192.168.1.1,41927,49152,IPV4,TCP,LOCAL,LOCAL,0,1,0,14.9
5,192.168.1.3,192.168.1.1,41939,49152,IPV4,TCP,LOCAL,LOCAL,0,1,0,14.9
5,192.168.1.3,192.168.1.1,41951,49152,IPV4,TCP,LOCAL,LOCAL,0,1,0,14.9
5,192.168.1.3,192.168.1.1,41963,49152,IPV4,TCP,LOCAL,LOCAL,0,1,0,14.9
5,192.168.1.3,192.168.1.1,41975,49152,IPV4,TCP,LOCAL,LOCAL,0,1,0,14.9
52,192.168.1.3,52.143.84.45,EPH,443,IPV4,TCP,LOCAL,United States,0,1,0,0.79
5,192.168.1.3,192.168.1.1,41988,49152,IPV4,TCP,LOCAL,LOCAL,0,1,0,14.9
5,192.168.1.3,192.168.1.1,42000,49152,IPV4,TCP,LOCAL,LOCAL,0,1,0,14.9
5,192.168.1.3,192.168.1.1,42012,49152,IPV4,TCP,LOCAL,LOCAL,0,1,0,14.9
6,192.168.1.3,192.168.1.1,42025,49152,IPV4,TCP,LOCAL,LOCAL,0,1,0,9.15
6,192.168.1.3,192.168.1.1,42038,49152,IPV4,TCP,LOCAL,LOCAL,0,1,0,9.15
5,192.168.1.3,192.168.1.1,42050,49152,IPV4,TCP,LOCAL,LOCAL,0,1,0,14.9
5,192.168.1.3,192.168.1.1,42062,49152,IPV4,TCP,LOCAL,LOCAL,0,1,0,14.9
6,192.168.1.3,192.168.1.1,42074,49152,IPV4,TCP,LOCAL,LOCAL,0,1,0,9.15
6,192.168.1.3,192.168.1.1,42086,49152,IPV4,TCP,LOCAL,LOCAL,0,1,0,9.15
32,192.168.1.3,64.233.177.113,EPH,443,IPV4,UDP,LOCAL,United States,0,1,0,1.97
5,192.168.1.3,192.168.1.1,42097,49152,IPV4,TCP,LOCAL,LOCAL,0,1,0,14.9
28,192.168.1.3,64.233.177.83,EPH,443,IPV4,TCP,LOCAL,United States,0,1,0,1.48
5,192.168.1.3,192.168.1.1,42110,49152,IPV4,TCP,LOCAL,LOCAL,0,1,0,14.9
5,192.168.1.3,192.168.1.1,42122,49152,IPV4,TCP,LOCAL,LOCAL,0,1,0,14.9
5,192.168.1.3,192.168.1.1,42134,49152,IPV4,TCP,LOCAL,LOCAL,0,1,0,14.9
5,192.168.1.3,192.168.1.1,42147,49152,IPV4,TCP,LOCAL,LOCAL,0,1,0,14.9
5,192.168.1.3,192.168.1.1,42159,49152,IPV4,TCP,LOCAL,LOCAL,0,1,0,14.9
5,192.168.1.3,192.168.1.1,42171,49152,IPV4,TCP,LOCAL,LOCAL,0,1,0,14.9
6,192.168.1.3,192.168.1.1,42184,49152,IPV4,TCP,LOCAL,LOCAL,0,1,0,9.15
10,192.168.1.3,23.203.48.11,EPH,443,IPV4,TCP,LOCAL,United States,0,1,0,4.56
10,192.168.1.3,162.125.7.20,EPH,443,IPV4,TCP,LOCAL,United States,0,1,0,4.93
5,192.168.1.3,192.168.1.1,42199,49152,IPV4,TCP,LOCAL,LOCAL,0,1,0,14.9
5,192.168.1.3,192.168.1.1,42211,49152,IPV4,TCP,LOCAL,LOCAL,0,1,0,14.9
5,192.168.1.3,192.168.1.1,42223,49152,IPV4,TCP,LOCAL,LOCAL,0,1,0,14.9
5,192.168.1.3,192.168.1.1,42235,49152,IPV4,TCP,LOCAL,LOCAL,0,1,0,14.9
5,192.168.1.3,192.168.1.1,42247,49152,IPV4,TCP,LOCAL,LOCAL,0,1,0,14.9
5,192.168.1.3,192.168.1.1,42259,49152,IPV4,TCP,LOCAL,LOCAL,0,1,0,14.9
6,192.168.1.3,192.168.1.1,42271,49152,IPV4,TCP,LOCAL,LOCAL,0,1,0,9.15
5,192.168.1.3,192.168.1.1,42286,49152,IPV4,TCP,LOCAL,LOCAL,0,1,0,14.9
6,192.168.1.3,192.168.1.1,42298,49152,IPV4,TCP,LOCAL,LOCAL,0,1,0,9.15
5,192.168.1.3,192.168.1.1,42310,49152,IPV4,TCP,LOCAL,LOCAL,0,1,0,14.9
5,192.168.1.3,192.168.1.1,42322,49152,IPV4,TCP,LOCAL,LOCAL,0,1,0,14.9
5,192.168.1.3,192.168.1.1,42334,49152,IPV4,TCP,LOCAL,LOCAL,0,1,0,14.9
5,192.168.1.3,192.168.1.1,42346,49152,IPV4,TCP,LOCAL,LOCAL,0,1,0,14.9
5,192.168.1.3,192.168.1.1,42358,49152,IPV4,TCP,LOCAL,LOCAL,0,1,0,14.9
5,192.168.1.3,192.168.1.1,42370,49152,IPV4,TCP,LOCAL,LOCAL,0,1,0,14.9
5,192.168.1.3,192.168.1.1,42382,49152,IPV4,TCP,LOCAL,LOCAL,0,1,0,14.9
5,192.168.1.3,192.168.1.1,42394,49152,IPV4,TCP,LOCAL,LOCAL,0,1,0,14.9
6,192.168.1.3,192.168.1.1,42407,49152,IPV4,TCP,LOCAL,LOCAL,0,1,0,9.15
29,192.168.1.3,142.250.105.101,EPH,443,IPV4,UDP,LOCAL,United States,0,1,0,2.69
5,192.168.1.3,192.168.1.1,42419,49152,IPV4,TCP,LOCAL,LOCAL,0,1,0,14.9
5,192.168.1.3,192.168.1.1,42431,49152,IPV4,TCP,LOCAL,LOCAL,0,1,0,14.9
5,192.168.1.3,192.168.1.1,42443,49152,IPV4,TCP,LOCAL,LOCAL,0,1,0,14.9
6,192.168.1.3,192.168.1.1,42455,49152,IPV4,TCP,LOCAL,LOCAL,0,1,0,9.15
5,192.168.1.3,192.168.1.1,42467,49152,IPV4,TCP,LOCAL,LOCAL,0,1,0,14.9
11,192.168.1.3,23.220.188.58,EPH,443,IPV4,TCP,LOCAL,United States,0,1,0,6.87
6,192.168.1.3,192.168.1.1,42480,49152,IPV4,TCP,LOCAL,LOCAL,0,1,0,9.15
1,192.168.1.3,52.98.94.210,NA,NA,IPV4,ICMP,LOCAL,Japan,0,1,0,30
10,192.168.1.3,52.98.94.210,EPH,443,IPV4,TCP,LOCAL,Japan,0,1,0,4.91
1,192.168.1.3,40.97.28.114,NA,NA,IPV4,ICMP,LOCAL,United States,0,1,0,30
10,192.168.1.3,40.97.28.114,EPH,443,IPV4,TCP,LOCAL,United States,0,1,0,4.9
1,192.168.1.3,13.107.18.11,NA,NA,IPV4,ICMP,LOCAL,United States,0,1,0,30
10,192.168.1.3,13.107.18.11,EPH,443,IPV4,TCP,LOCAL,United States,0,1,0,4.6
10,192.168.1.3,13.107.6.163,EPH,443,IPV4,TCP,LOCAL,United States,0,1,0,5.17
5,192.168.1.3,192.168.1.1,42496,49152,IPV4,TCP,LOCAL,LOCAL,0,1,0,14.9
6,192.168.1.3,192.168.1.1,42508,49152,IPV4,TCP,LOCAL,LOCAL,0,1,0,9.15
5,192.168.1.3,192.168.1.1,42520,49152,IPV4,TCP,LOCAL,LOCAL,0,1,0,14.9
5,192.168.1.3,192.168.1.1,42533,49152,IPV4,TCP,LOCAL,LOCAL,0,1,0,14.9
5,192.168.1.3,192.168.1.1,42545,49152,IPV4,TCP,LOCAL,LOCAL,0,1,0,14.9
6,192.168.1.3,192.168.1.1,42557,49152,IPV4,TCP,LOCAL,LOCAL,0,1,0,9.15
5,192.168.1.3,192.168.1.1,42569,49152,IPV4,TCP,LOCAL,LOCAL,0,1,0,14.9
5,192.168.1.3,192.168.1.1,42581,49152,IPV4,TCP,LOCAL,LOCAL,0,1,0,14.9
6,192.168.1.3,192.168.1.1,42593,49152,IPV4,TCP,LOCAL,LOCAL,0,1,0,9.15
25,192.168.1.3,52.114.128.69,EPH,443,IPV4,TCP,LOCAL,United States,0,1,0,1.67
5,192.168.1.3,192.168.1.1,42607,49152,IPV4,TCP,LOCAL,LOCAL,0,1,0,14.9
5,192.168.1.3,192.168.1.1,42619,49152,IPV4,TCP,LOCAL,LOCAL,0,1,0,14.9
5,192.168.1.3,192.168.1.1,42631,49152,IPV4,TCP,LOCAL,LOCAL,0,1,0,14.9
5,192.168.1.3,192.168.1.1,42643,49152,IPV4,TCP,LOCAL,LOCAL,0,1,0,14.9
17,192.168.1.3,52.109.8.20,EPH,443,IPV4,TCP,LOCAL,United States,0,1,0,5.11
13,192.168.1.3,52.119.162.196,EPH,443,IPV4,TCP,LOCAL,United States,0,1,0,3.64
6,192.168.1.3,192.168.1.1,42657,49152,IPV4,TCP,LOCAL,LOCAL,0,1,0,9.15
5,192.168.1.3,192.168.1.1,42669,49152,IPV4,TCP,LOCAL,LOCAL,0,1,0,14.9
5,192.168.1.3,192.168.1.1,42681,49152,IPV4,TCP,LOCAL,LOCAL,0,1,0,14.9
6,192.168.1.3,192.168.1.1,42693,49152,IPV4,TCP,LOCAL,LOCAL,0,1,0,9.15
6,192.168.1.3,192.168.1.1,42705,49152,IPV4,TCP,LOCAL,LOCAL,0,1,0,9.15
6,192.168.1.3,192.168.1.1,42716,49152,IPV4,TCP,LOCAL,LOCAL,0,1,0,9.15
11,192.168.1.3,40.112.72.19,EPH,443,IPV4,TCP,LOCAL,Ireland,0,1,0,4.23
5,192.168.1.3,192.168.1.1,42729,49152,IPV4,TCP,LOCAL,LOCAL,0,1,0,14.9
6,192.168.1.3,192.168.1.1,42742,49152,IPV4,TCP,LOCAL,LOCAL,0,1,0,9.15
6,192.168.1.3,192.168.1.1,42754,49152,IPV4,TCP,LOCAL,LOCAL,0,1,0,9.15
31,192.168.1.3,13.68.247.210,EPH,443,IPV4,TCP,LOCAL,United States,0,1,0,1.4
6,192.168.1.3,192.168.1.1,42767,49152,IPV4,TCP,LOCAL,LOCAL,0,1,0,9.15
5,192.168.1.3,192.168.1.1,42779,49152,IPV4,TCP,LOCAL,LOCAL,0,1,0,14.9
6,192.168.1.3,192.168.1.1,42791,49152,IPV4,TCP,LOCAL,LOCAL,0,1,0,9.15
24,192.168.1.3,72.52.161.233,EPH,80,IPV4,TCP,LOCAL,United States,0,1,0,1.74
5,192.168.1.3,192.168.1.1,42804,49152,IPV4,TCP,LOCAL,LOCAL,0,1,0,14.9
5,192.168.1.3,192.168.1.1,42816,49152,IPV4,TCP,LOCAL,LOCAL,0,1,0,14.9
6,192.168.1.3,192.168.1.1,42828,49152,IPV4,TCP,LOCAL,LOCAL,0,1,0,9.15
28,192.168.1.3,172.217.165.37,EPH,443,IPV4,TCP,LOCAL,LOCAL,0,1,0,1.48
5,192.168.1.3,192.168.1.1,42841,49152,IPV4,TCP,LOCAL,LOCAL,0,1,0,14.9
5,192.168.1.3,192.168.1.1,42853,49152,IPV4,TCP,LOCAL,LOCAL,0,1,0,14.9
5,192.168.1.3,192.168.1.1,42865,49152,IPV4,TCP,LOCAL,LOCAL,0,1,0,14.9
5,192.168.1.3,192.168.1.1,42878,49152,IPV4,TCP,LOCAL,LOCAL,0,1,0,14.9
5,192.168.1.3,192.168.1.1,42891,49152,IPV4,TCP,LOCAL,LOCAL,0,1,0,14.9
18,192.168.1.3,52.170.57.27,EPH,443,IPV4,TCP,LOCAL,United States,0,1,0,6.96
5,192.168.1.3,192.168.1.1,42904,49152,IPV4,TCP,LOCAL,LOCAL,0,1,0,14.9
5,192.168.1.3,192.168.1.1,42916,49152,IPV4,TCP,LOCAL,LOCAL,0,1,0,14.9
5,192.168.1.3,192.168.1.1,42928,49152,IPV4,TCP,LOCAL,LOCAL,0,1,0,14.9
5,192.168.1.3,192.168.1.1,42940,49152,IPV4,TCP,LOCAL,LOCAL,0,1,0,14.9
5,192.168.1.3,192.168.1.1,42952,49152,IPV4,TCP,LOCAL,LOCAL,0,1,0,14.9
10,192.168.1.3,172.217.0.74,EPH,443,IPV4,UDP,LOCAL,LOCAL,0,1,0,6.91
5,192.168.1.3,192.168.1.1,42966,49152,IPV4,TCP,LOCAL,LOCAL,0,1,0,14.9
11,192.168.1.3,52.114.132.73,EPH,443,IPV4,TCP,LOCAL,United States,0,1,0,6.59
5,192.168.1.3,192.168.1.1,42979,49152,IPV4,TCP,LOCAL,LOCAL,0,1,0,14.9
5,192.168.1.3,192.168.1.1,42991,49152,IPV4,TCP,LOCAL,LOCAL,0,1,0,14.9
5,192.168.1.3,192.168.1.1,43003,49152,IPV4,TCP,LOCAL,LOCAL,0,1,0,14.9
6,192.168.1.3,192.168.1.1,43015,49152,IPV4,TCP,LOCAL,LOCAL,0,1,0,9.15
5,192.168.1.3,192.168.1.1,43028,49152,IPV4,TCP,LOCAL,LOCAL,0,1,0,14.9
5,192.168.1.3,192.168.1.1,43041,49152,IPV4,TCP,LOCAL,LOCAL,0,1,0,14.9
5,192.168.1.3,192.168.1.1,43053,49152,IPV4,TCP,LOCAL,LOCAL,0,1,0,14.9
5,192.168.1.3,192.168.1.1,43065,49152,IPV4,TCP,LOCAL,LOCAL,0,1,0,14.9
5,192.168.1.3,192.168.1.1,43077,49152,IPV4,TCP,LOCAL,LOCAL,0,1,0,14.9
5,192.168.1.3,192.168.1.1,43090,49152,IPV4,TCP,LOCAL,LOCAL,0,1,0,14.9
6,192.168.1.3,192.168.1.1,43102,49152,IPV4,TCP,LOCAL,LOCAL,0,1,0,9.15
5,192.168.1.3,192.168.1.1,43114,49152,IPV4,TCP,LOCAL,LOCAL,0,1,0,14.9
5,192.168.1.3,192.168.1.1,43126,49152,IPV4,TCP,LOCAL,LOCAL,0,1,0,14.9
5,192.168.1.3,192.168.1.1,43138,49152,IPV4,TCP,LOCAL,LOCAL,0,1,0,14.9
6,192.168.1.3,192.168.1.1,43150,49152,IPV4,TCP,LOCAL,LOCAL,0,1,0,9.15
30,192.168.1.3,64.233.185.113,EPH,443,IPV4,UDP,LOCAL,United States,0,1,0,2.11
6,192.168.1.3,192.168.1.1,43162,49152,IPV4,TCP,LOCAL,LOCAL,0,1,0,9.15
10,192.168.1.3,142.250.105.95,EPH,443,IPV4,UDP,LOCAL,United States,0,1,0,6.91
5,192.168.1.3,192.168.1.1,43174,49152,IPV4,TCP,LOCAL,LOCAL,0,1,0,14.9
5,192.168.1.3,192.168.1.1,43186,49152,IPV4,TCP,LOCAL,LOCAL,0,1,0,14.9
5,192.168.1.3,192.168.1.1,43198,49152,IPV4,TCP,LOCAL,LOCAL,0,1,0,14.9
5,192.168.1.3,192.168.1.1,43210,49152,IPV4,TCP,LOCAL,LOCAL,0,1,0,14.9
44,192.168.1.3,162.125.19.9,EPH,443,IPV4,TCP,LOCAL,United States,0,1,0,3.99
5,192.168.1.3,192.168.1.1,43223,49152,IPV4,TCP,LOCAL,LOCAL,0,1,0,14.9
6,192.168.1.3,192.168.1.1,43235,49152,IPV4,TCP,LOCAL,LOCAL,0,1,0,9.15
5,192.168.1.3,192.168.1.1,43247,49152,IPV4,TCP,LOCAL,LOCAL,0,1,0,14.9
5,192.168.1.3,192.168.1.1,43259,49152,IPV4,TCP,LOCAL,LOCAL,0,1,0,14.9
5,192.168.1.3,192.168.1.1,43271,49152,IPV4,TCP,LOCAL,LOCAL,0,1,0,14.9
12,192.168.1.3,13.107.21.200,EPH,443,IPV4,TCP,LOCAL,United States,0,1,0,3.77
5,192.168.1.3,192.168.1.1,43286,49152,IPV4,TCP,LOCAL,LOCAL,0,1,0,14.9
5,192.168.1.3,192.168.1.1,43298,49152,IPV4,TCP,LOCAL,LOCAL,0,1,0,14.9
6,192.168.1.3,192.168.1.1,43310,49152,IPV4,TCP,LOCAL,LOCAL,0,1,0,9.15
5,192.168.1.3,192.168.1.1,43322,49152,IPV4,TCP,LOCAL,LOCAL,0,1,0,14.9
5,192.168.1.3,192.168.1.1,43334,49152,IPV4,TCP,LOCAL,LOCAL,0,1,0,14.9
26,192.168.1.3,52.114.133.61,EPH,443,IPV4,TCP,LOCAL,United States,0,1,0,1.61
6,192.168.1.3,192.168.1.1,43349,49152,IPV4,TCP,LOCAL,LOCAL,0,1,0,9.15
78,192.168.1.3,162.125.6.19,EPH,443,IPV4,TCP,LOCAL,United States,0,1,0,0.52
5,192.168.1.3,192.168.1.1,43362,49152,IPV4,TCP,LOCAL,LOCAL,0,1,0,14.9
5,192.168.1.3,192.168.1.1,43373,49152,IPV4,TCP,LOCAL,LOCAL,0,1,0,14.9
15,192.168.1.3,52.167.250.154,EPH,443,IPV4,TCP,LOCAL,United States,0,1,0,2.87
5,192.168.1.3,192.168.1.1,43386,49152,IPV4,TCP,LOCAL,LOCAL,0,1,0,14.9
13,192.168.1.3,52.119.168.237,EPH,443,IPV4,TCP,LOCAL,United States,0,1,0,3.39
5,192.168.1.3,192.168.1.1,43399,49152,IPV4,TCP,LOCAL,LOCAL,0,1,0,14.9
5,192.168.1.3,192.168.1.1,43411,49152,IPV4,TCP,LOCAL,LOCAL,0,1,0,14.9
11,192.168.1.3,20.36.252.129,EPH,443,IPV4,TCP,LOCAL,United States,0,1,0,4.09
5,192.168.1.3,192.168.1.1,43424,49152,IPV4,TCP,LOCAL,LOCAL,0,1,0,14.9
5,192.168.1.3,192.168.1.1,43436,49152,IPV4,TCP,LOCAL,LOCAL,0,1,0,14.9
5,192.168.1.3,192.168.1.1,43448,49152,IPV4,TCP,LOCAL,LOCAL,0,1,0,14.9
5,192.168.1.3,192.168.1.1,43460,49152,IPV4,TCP,LOCAL,LOCAL,0,1,0,14.9
5,192.168.1.3,192.168.1.1,43472,49152,IPV4,TCP,LOCAL,LOCAL,0,1,0,14.9
5,192.168.1.3,192.168.1.1,43484,49152,IPV4,TCP,LOCAL,LOCAL,0,1,0,14.9
54,192.168.1.3,162.125.6.17,EPH,443,IPV4,TCP,LOCAL,United States,0,1,0,0.77
6,192.168.1.3,192.168.1.1,43497,49152,IPV4,TCP,LOCAL,LOCAL,0,1,0,9.15
5,192.168.1.3,192.168.1.1,43509,49152,IPV4,TCP,LOCAL,LOCAL,0,1,0,14.9
6,192.168.1.3,192.168.1.1,43523,49152,IPV4,TCP,LOCAL,LOCAL,0,1,0,9.15
6,192.168.1.3,192.168.1.1,43535,49152,IPV4,TCP,LOCAL,LOCAL,0,1,0,9.15
5,192.168.1.3,192.168.1.1,43547,49152,IPV4,TCP,LOCAL,LOCAL,0,1,0,14.9
31,192.168.1.3,74.125.21.95,EPH,443,IPV4,UDP,LOCAL,United States,0,1,0,1.33
37,192.168.1.3,142.250.9.83,EPH,443,IPV4,TCP,LOCAL,United States,0,1,0,1.11
5,192.168.1.3,192.168.1.1,43563,49152,IPV4,TCP,LOCAL,LOCAL,0,1,0,14.9
9,192.168.1.3,74.125.21.94,EPH,443,IPV4,UDP,LOCAL,United States,0,1,0,7.91
5,192.168.1.3,192.168.1.1,43576,49152,IPV4,TCP,LOCAL,LOCAL,0,1,0,14.9
35,192.168.1.3,74.125.21.18,EPH,443,IPV4,TCP,LOCAL,United States,0,1,0,1.18
27,192.168.1.3,108.177.122.113,EPH,443,IPV4,UDP,LOCAL,United States,0,1,0,1.54
6,192.168.1.3,192.168.1.1,43590,49152,IPV4,TCP,LOCAL,LOCAL,0,1,0,9.15
5,192.168.1.3,192.168.1.1,43602,49152,IPV4,TCP,LOCAL,LOCAL,0,1,0,14.9
5,192.168.1.3,192.168.1.1,43615,49152,IPV4,TCP,LOCAL,LOCAL,0,1,0,14.9
5,192.168.1.3,192.168.1.1,43628,49152,IPV4,TCP,LOCAL,LOCAL,0,1,0,14.9
5,192.168.1.3,192.168.1.1,43640,49152,IPV4,TCP,LOCAL,LOCAL,0,1,0,14.9
5,192.168.1.3,192.168.1.1,43652,49152,IPV4,TCP,LOCAL,LOCAL,0,1,0,14.9
5,192.168.1.3,192.168.1.1,43664,49152,IPV4,TCP,LOCAL,LOCAL,0,1,0,14.9
5,192.168.1.3,192.168.1.1,43676,49152,IPV4,TCP,LOCAL,LOCAL,0,1,0,14.9
170,192.168.1.3,64.233.177.189,EPH,443,IPV4,UDP,LOCAL,United States,0,1,0,0.36
5,192.168.1.3,192.168.1.1,43688,49152,IPV4,TCP,LOCAL,LOCAL,0,1,0,14.9
5,192.168.1.3,192.168.1.1,43700,49152,IPV4,TCP,LOCAL,LOCAL,0,1,0,14.9
5,192.168.1.3,192.168.1.1,43712,49152,IPV4,TCP,LOCAL,LOCAL,0,1,0,14.9
5,192.168.1.3,192.168.1.1,43723,49152,IPV4,TCP,LOCAL,LOCAL,0,1,0,14.9
2,192.168.1.7,224.0.0.251,5353,5353,IPV4,UDP,LOCAL,LOCAL,0,1,0,883
2,fe80::3a9d:92ff:fea8:38e5,ff02::fb,5353,5353,IPV6,UDP,LOCAL,MULTICAST,0,1,0,863
5,192.168.1.3,192.168.1.1,43735,49152,IPV4,TCP,LOCAL,LOCAL,0,1,0,14.9
5,192.168.1.3,192.168.1.1,43747,49152,IPV4,TCP,LOCAL,LOCAL,0,1,0,14.9
5,192.168.1.3,192.168.1.1,43760,49152,IPV4,TCP,LOCAL,LOCAL,0,1,0,14.9
5,192.168.1.3,192.168.1.1,43772,49152,IPV4,TCP,LOCAL,LOCAL,0,1,0,14.9
5,192.168.1.3,192.168.1.1,43784,49152,IPV4,TCP,LOCAL,LOCAL,0,1,0,14.9
5,192.168.1.3,192.168.1.1,43796,49152,IPV4,TCP,LOCAL,LOCAL,0,1,0,14.9
72,192.168.1.3,172.217.10.174,EPH,443,IPV4,UDP,LOCAL,LOCAL,0,1,0,0.58
5,192.168.1.3,192.168.1.1,43808,49152,IPV4,TCP,LOCAL,LOCAL,0,1,0,14.9
5,192.168.1.3,192.168.1.1,43820,49152,IPV4,TCP,LOCAL,LOCAL,0,1,0,14.9
5,192.168.1.3,192.168.1.1,43832,49152,IPV4,TCP,LOCAL,LOCAL,0,1,0,14.9
13,192.168.1.3,20.190.152.22,EPH,443,IPV4,TCP,LOCAL,United States,0,1,0,3.41
5,192.168.1.3,192.168.1.1,43850,49152,IPV4,TCP,LOCAL,LOCAL,0,1,0,14.9
5,192.168.1.3,192.168.1.1,43862,49152,IPV4,TCP,LOCAL,LOCAL,0,1,0,14.9
5,192.168.1.3,192.168.1.1,43874,49152,IPV4,TCP,LOCAL,LOCAL,0,1,0,14.9
5,192.168.1.3,192.168.1.1,43886,49152,IPV4,TCP,LOCAL,LOCAL,0,1,0,14.9
5,192.168.1.3,192.168.1.1,43898,49152,IPV4,TCP,LOCAL,LOCAL,0,1,0,14.9
6,192.168.1.3,192.168.1.1,43911,49152,IPV4,TCP,LOCAL,LOCAL,0,1,0,9.15
5,192.168.1.3,192.168.1.1,43924,49152,IPV4,TCP,LOCAL,LOCAL,0,1,0,14.9
5,192.168.1.3,192.168.1.1,43936,49152,IPV4,TCP,LOCAL,LOCAL,0,1,0,14.9
5,192.168.1.3,192.168.1.1,43948,49152,IPV4,TCP,LOCAL,LOCAL,0,1,0,14.9
6,192.168.1.3,192.168.1.1,43960,49152,IPV4,TCP,LOCAL,LOCAL,0,1,0,9.15
8,192.168.1.3,23.44.202.112,EPH,443,IPV4,TCP,LOCAL,United States,0,1,0,8.93
5,192.168.1.3,192.168.1.1,43973,49152,IPV4,TCP,LOCAL,LOCAL,0,1,0,14.9
5,192.168.1.3,192.168.1.1,43985,49152,IPV4,TCP,LOCAL,LOCAL,0,1,0,14.9
5,192.168.1.3,192.168.1.1,43997,49152,IPV4,TCP,LOCAL,LOCAL,0,1,0,14.9
6,192.168.1.3,192.168.1.1,44010,49152,IPV4,TCP,LOCAL,LOCAL,0,1,0,9.15
6,192.168.1.3,192.168.1.1,44021,49152,IPV4,TCP,LOCAL,LOCAL,0,1,0,9.15
5,192.168.1.3,192.168.1.1,44033,49152,IPV4,TCP,LOCAL,LOCAL,0,1,0,14.9
